,Pred,actual,fold_idx
ENSG00000163687_1,0.26871276,1.3693458,3
ENSG00000114388,2.1221251,2.3837776,3
ENSG00000154175_1,0.11915649,0.0,3
ENSG00000157578,1.9901634,1.4017622,3
ENSG00000163902,2.111655,3.3031442,3
ENSG00000274248,0.7569054,0.0,3
ENSG00000142173_2,1.0156693,0.0,3
ENSG00000073282_1,0.10779184,0.0,3
ENSG00000163870,2.2073832,1.8709713,3
ENSG00000214407,0.12553677,0.0,3
ENSG00000157036,1.4567137,2.4595945,3
ENSG00000133657,2.217708,2.7051022,3
ENSG00000154781,2.4168553,2.700592,3
ENSG00000185565,0.6973433,2.1214187,3
ENSG00000286153,0.13191839,0.6906328,3
ENSG00000182504,1.7650349,2.3343513,3
ENSG00000144935,1.1224039,1.4963068,3
ENSG00000157014,2.4879322,2.4677472,3
ENSG00000114859,1.7291113,1.3508099,3
ENSG00000196981,2.51362,0.0,3
ENSG00000131378,0.29827005,1.4472201,3
ENSG00000241163_2,1.9327956,2.1501176,3
ENSG00000073849_2,1.3958981,0.74004674,3
ENSG00000144891,0.9837314,1.4744202,3
ENSG00000168309,0.14884438,0.0,3
ENSG00000182973,2.2361293,2.5874708,3
ENSG00000293416,0.17843029,0.0,3
ENSG00000159259,1.482139,2.5098433,3
ENSG00000198836,2.0922656,3.0101302,3
ENSG00000229619,1.8613197,2.115983,3
ENSG00000131378_1,0.7012485,0.0,3
ENSG00000228980,0.5176298,0.0,3
ENSG00000171121_1,0.6955534,0.82453585,3
ENSG00000237232,0.344734,0.0,3
ENSG00000159147,2.1856499,2.494511,3
ENSG00000178917,2.1673188,1.9275706,3
ENSG00000170893,1.1947769,0.0,3
ENSG00000187672,0.1690526,0.0,3
ENSG00000184897,1.7740128,3.574464,3
ENSG00000164054,2.3824425,2.7359054,3
ENSG00000187094,0.58390766,0.6992913,3
ENSG00000163617,2.014035,1.6826143,3
ENSG00000241684_1,0.32617933,1.025879,3
ENSG00000145191,2.2323065,2.658105,3
ENSG00000169282,0.09617812,0.0,3
ENSG00000144642,0.7500638,2.0187838,3
ENSG00000113838_1,1.8172648,2.2145922,3
ENSG00000076242_1,2.3130198,0.0,3
ENSG00000114861,1.358914,1.305216,3
ENSG00000189366,1.0393568,0.99239445,3
ENSG00000144668,1.5322328,1.6036639,3
ENSG00000182362,2.3308067,2.2509809,3
ENSG00000033867,0.10318591,0.0,3
ENSG00000114030,0.13398798,0.0,3
ENSG00000186451,0.26526642,0.0,3
ENSG00000187091_2,1.0656853,0.9417002,3
ENSG00000215386_1,0.13151026,0.0,3
ENSG00000241163_1,1.7824473,0.0,3
ENSG00000114331,0.24635352,0.0,3
ENSG00000242049,0.33407742,0.0,3
ENSG00000182973_2,0.20792067,0.0,3
ENSG00000200320,0.39413077,1.282078,3
ENSG00000188313,1.8456683,2.4351656,3
ENSG00000175054,2.3762167,0.0,3
ENSG00000224424,1.9309597,1.7539889,3
ENSG00000163636,2.1798902,2.9677773,3
ENSG00000181722_1,0.12605406,0.0,3
ENSG00000242759_2,0.1036791,0.0,3
ENSG00000189058,0.0888674,0.0,3
ENSG00000221955,1.6124061,1.2075806,3
ENSG00000163517,1.7460881,1.1857971,3
ENSG00000134072,1.0791438,1.2974081,3
ENSG00000064835,0.12432253,0.0,3
ENSG00000201545,0.083452225,0.0,3
ENSG00000114698,0.9743954,0.9165592,3
ENSG00000138463,1.8125399,1.6152134,3
ENSG00000163918,2.1416798,0.0,3
ENSG00000161217_1,2.2726169,2.5144668,3
ENSG00000114302,2.1372647,2.5287714,3
ENSG00000163539,0.14071697,0.0,3
ENSG00000173950_1,2.1504376,2.117205,3
ENSG00000134108,2.0641425,2.848375,3
ENSG00000010256,2.125563,3.3788593,3
ENSG00000189283,1.7938395,2.3435445,3
ENSG00000118849,1.2804017,1.7651467,3
ENSG00000173389,0.17116669,0.0,3
ENSG00000150995_1,2.0371416,2.2026844,3
ENSG00000145012_3,0.1369862,0.0,3
ENSG00000068028_2,2.0679772,1.7892069,3
ENSG00000169255_2,1.1324942,1.0777311,3
ENSG00000182923_2,2.3132436,1.7000024,3
ENSG00000080224_1,0.09003742,0.0,3
ENSG00000172940,0.1621314,0.767653,3
ENSG00000144908,0.865793,1.0066799,3
ENSG00000156304,2.3777816,2.2265742,3
ENSG00000163820,2.1312382,2.27413,3
ENSG00000163762,0.10397835,0.0,3
ENSG00000201217,0.12721705,0.86332285,3
ENSG00000272020,0.13090298,0.0,3
ENSG00000144824_2,0.14073732,0.85943854,3
ENSG00000186967,0.12549287,0.0,3
ENSG00000055957_1,0.42605507,0.69057703,3
ENSG00000088727,2.306964,1.6449504,3
ENSG00000176945_1,0.46327943,0.7132301,3
ENSG00000186448,0.87897766,1.6513362,3
ENSG00000242428,0.1215598,0.0,3
ENSG00000154814,2.1472557,2.5442927,3
ENSG00000163931_2,2.113982,3.7755485,3
ENSG00000229425_2,0.06756139,0.0,3
ENSG00000168386,1.379232,0.0,3
ENSG00000187527_1,0.112364165,0.0,3
ENSG00000072858,1.4261711,2.3759177,3
ENSG00000131378_4,2.5700703,3.1402535,3
ENSG00000201413,0.11569763,0.77727455,3
ENSG00000114331_1,2.430444,2.7147303,3
ENSG00000144559,1.8739766,2.7297227,3
ENSG00000198218_1,2.4296448,2.9784641,3
ENSG00000173193,2.4108844,2.515544,3
ENSG00000082701,2.641063,2.8675442,3
ENSG00000199839,0.20364958,0.0,3
ENSG00000272282,0.45239854,1.5084085,3
ENSG00000240476,1.7379088,0.9513861,3
ENSG00000183778_1,0.06441287,0.0,3
ENSG00000241231,0.0875068,0.0,3
ENSG00000010282_1,0.4875341,1.1490589,3
ENSG00000090512_1,0.19640727,0.4162926,3
ENSG00000174891_1,1.9859318,0.0,3
ENSG00000131386_1,0.4628471,0.0,3
ENSG00000156273_2,1.8561589,0.0,3
ENSG00000067560_1,2.7049298,3.8569903,3
ENSG00000173889,2.074056,2.7651923,3
ENSG00000070476,2.15808,2.2031362,3
ENSG00000144802_1,2.4370189,2.5291479,3
ENSG00000291076,0.08829303,0.0,3
ENSG00000160305,2.4065926,2.4243426,3
ENSG00000163520,1.4396554,0.0,3
ENSG00000163959,0.5764312,1.2668664,3
ENSG00000244040,0.68919516,0.7294726,3
ENSG00000211456,2.5137646,2.6305032,3
ENSG00000172046,2.317115,2.1252828,3
ENSG00000184351,0.29548,0.0,3
ENSG00000155313,2.0112066,2.0741212,3
ENSG00000293456_1,1.4155314,0.0,3
ENSG00000114316,2.8147984,0.0,3
ENSG00000163686,1.8940661,2.5773308,3
ENSG00000213123,2.353819,1.8165263,3
ENSG00000154654_1,0.05984167,0.0,3
ENSG00000114120,2.1046658,2.712243,3
ENSG00000163687,0.26384163,1.3372796,3
ENSG00000160185,0.39582837,1.0377849,3
ENSG00000169251_1,1.8167291,3.0202992,3
ENSG00000174844,0.41448337,1.0619423,3
ENSG00000182606_4,0.7882693,0.0,3
ENSG00000163635_1,2.371115,2.4860194,3
ENSG00000163885,0.7955401,1.2645534,3
ENSG00000141959,2.3424993,2.9060013,3
ENSG00000166979,1.0488654,1.3706611,3
ENSG00000163904,2.3488986,2.4579318,3
ENSG00000154310,0.12223318,0.0,3
ENSG00000181744,2.2593794,2.1124709,3
ENSG00000174840,2.2146158,2.7689266,3
ENSG00000114861_4,0.226932,0.5513524,3
ENSG00000284917,1.8190329,1.7661309,3
ENSG00000182670,2.42487,2.6707041,3
ENSG00000082781,1.5501928,1.3143518,3
ENSG00000228956,0.136345,0.0,3
ENSG00000182899_1,0.8289053,1.3657874,3
ENSG00000154721,0.8893668,1.6602486,3
ENSG00000163507_1,2.4020371,2.5956836,3
ENSG00000231574_2,0.07835376,0.0,3
ENSG00000212935,0.6894181,1.73679,3
ENSG00000144827,1.7815783,2.627716,3
ENSG00000161267,2.0925784,2.6610959,3
ENSG00000160216,1.9127841,2.2499878,3
ENSG00000152952,0.09083365,0.0,3
ENSG00000183486_1,1.6915538,2.2989774,3
ENSG00000231770,2.302444,0.0,3
ENSG00000114405,0.62473154,0.0,3
ENSG00000240137_1,1.6809223,1.3507519,3
ENSG00000238942,0.9387618,1.3802655,3
ENSG00000138459,2.5481863,2.473084,3
ENSG00000157087,0.94425213,1.276094,3
ENSG00000170854_1,1.8891914,2.583686,3
ENSG00000136603_1,1.0425524,0.0,3
ENSG00000114735,1.6937009,1.8967191,3
ENSG00000163832,2.410194,0.0,3
ENSG00000174946,0.15792128,0.0,3
ENSG00000008226,0.9275304,1.2599521,3
ENSG00000163872,2.0666766,2.8655066,3
ENSG00000253540,2.2009854,1.6573905,3
ENSG00000239388,0.08283582,0.0,3
ENSG00000196353,0.12385328,0.0,3
ENSG00000172780_1,1.6901026,1.7663757,3
ENSG00000168811,1.8291557,1.751987,3
ENSG00000235288,0.1334649,0.0,3
ENSG00000239023,0.065253735,0.0,3
ENSG00000288555,0.09877232,0.0,3
ENSG00000160181,0.32774764,0.0,3
ENSG00000169359,2.4321704,2.7047553,3
ENSG00000173531_1,2.0735393,1.9248817,3
ENSG00000174500,2.5820596,3.3122134,3
ENSG00000241560,0.7365712,0.0,3
ENSG00000114650,2.190229,2.5216937,3
ENSG00000163378,2.0699189,2.1269395,3
ENSG00000160124,1.876352,3.0089407,3
ENSG00000183255,2.4047534,2.7425892,3
ENSG00000114166,2.2152448,1.8485585,3
ENSG00000113811,2.4968119,2.742105,3
ENSG00000233056,0.24743037,0.50053835,3
ENSG00000173638_2,0.59692264,1.1977215,3
ENSG00000160191_1,1.4267141,0.7451841,3
ENSG00000090530,1.6180313,2.1469338,3
ENSG00000178567,2.8835034,2.4649067,3
ENSG00000223783,0.30019557,0.0,3
ENSG00000168329_1,0.2497087,0.0,3
ENSG00000182606_1,0.3167271,0.8372095,3
ENSG00000114209,2.1153073,1.7972045,3
ENSG00000114113,0.14009982,0.0,3
ENSG00000129810,2.4511867,2.4782634,3
ENSG00000198843,2.478005,3.2435217,3
ENSG00000242808_6,0.22631577,0.0,3
ENSG00000114520,2.0895176,3.068223,3
ENSG00000173890_1,1.938564,0.80935764,3
ENSG00000160201,2.146319,2.920792,3
ENSG00000278158,1.4881976,1.9095668,3
ENSG00000091972,0.42032576,0.0,3
ENSG00000090534,0.30407816,0.0,3
ENSG00000224790,2.0469778,1.8270655,3
ENSG00000224652,0.34804755,0.0,3
ENSG00000270071,0.10504994,0.0,3
ENSG00000293268,2.1041532,0.0,3
ENSG00000152952_1,1.4409713,1.8989006,3
ENSG00000121570,0.22262174,0.0,3
ENSG00000121542,2.1167705,2.4336386,3
ENSG00000114861_1,0.24790967,0.0,3
ENSG00000168036_3,0.13700664,0.0,3
ENSG00000113971,2.015522,1.5607194,3
ENSG00000163424,0.49217367,0.0,3
ENSG00000163702,0.38454235,0.0,3
ENSG00000154743,2.1049402,1.8003939,3
ENSG00000144962,0.25072056,0.50048345,3
ENSG00000091181,0.4256804,0.0,3
ENSG00000160255,0.9215895,0.9894943,3
ENSG00000075711_3,2.3333483,1.5196836,3
ENSG00000163508,1.0748595,3.2093916,3
ENSG00000171189,0.9552879,1.4553322,3
ENSG00000144724,1.2235811,2.8081503,3
ENSG00000114503,2.6391404,3.251682,3
ENSG00000235257,1.3989143,0.0,3
ENSG00000144619_1,0.05879704,0.0,3
ENSG00000168016,1.2257493,1.0918076,3
ENSG00000114473_3,1.3615923,0.0,3
ENSG00000114646,1.742398,1.5137103,3
ENSG00000152952_2,0.16225758,0.0,3
ENSG00000081148,0.090554,0.0,3
ENSG00000175182_2,0.96695876,0.0,3
ENSG00000012171_2,0.8534404,0.9284573,3
ENSG00000134077,2.2478027,2.8332326,3
ENSG00000171121,0.17986284,0.0,3
ENSG00000168297,1.7482605,2.4494166,3
ENSG00000144815_1,1.9465828,0.9894943,3
ENSG00000156976_2,0.5134692,1.1261476,3
ENSG00000138246,2.2672646,2.472221,3
ENSG00000166265,0.68122673,1.0848478,3
ENSG00000214706,2.137951,2.4764636,3
ENSG00000156253,2.2852397,2.2398424,3
ENSG00000065534_3,1.2989359,0.0,3
ENSG00000142207,1.8771216,2.7762506,3
ENSG00000188582,1.6193756,2.0429769,3
ENSG00000205670,1.6121353,2.112414,3
ENSG00000163900,2.1285548,2.4557507,3
ENSG00000144867,0.9068989,0.0,3
ENSG00000114450,1.6538699,1.5017301,3
ENSG00000236869,1.1420412,0.0,3
ENSG00000157500,2.1594892,2.8291821,3
ENSG00000144771,0.09851855,0.0,3
ENSG00000091181_1,0.29787052,0.0,3
ENSG00000163898,0.97909725,0.0,3
ENSG00000131374_1,2.6457357,2.710213,3
ENSG00000114812,1.0370412,1.1560037,3
ENSG00000144635,2.102665,3.0025117,3
ENSG00000161203_1,0.23180385,0.77961093,3
ENSG00000163659_1,1.7392523,1.3087265,3
ENSG00000275464,1.7850459,1.7511867,3
ENSG00000290993,2.0640552,2.3558612,3
ENSG00000181789,2.3287508,0.0,3
ENSG00000114019_1,0.794942,1.2447965,3
ENSG00000159216_1,1.4469395,1.3558728,3
ENSG00000286584,0.17888042,0.0,3
ENSG00000144810,0.6273495,0.6876894,3
ENSG00000179097,0.90015715,1.1335772,3
ENSG00000176597_1,0.79602325,1.526223,3
ENSG00000036828,0.27429438,0.0,3
ENSG00000164050_1,0.9747337,1.3204787,3
ENSG00000280739,1.953512,1.4178237,3
ENSG00000168032,0.92478865,1.2600237,3
ENSG00000181722_3,0.09167921,0.0,3
ENSG00000181722_4,0.1137246,0.0,3
ENSG00000241163,1.3300879,1.266843,3
ENSG00000227110,1.4678545,1.4852884,3
ENSG00000163645,1.67337,1.1540282,3
ENSG00000047849_1,2.401523,0.0,3
ENSG00000180376,1.7065291,0.0,3
ENSG00000181449,0.7808829,0.0,3
ENSG00000185112,1.3509159,1.3902106,3
ENSG00000169860,1.8252159,1.5307246,3
ENSG00000163430,1.3595891,1.581449,3
ENSG00000144840,2.352088,2.502337,3
ENSG00000125046,0.08337639,0.0,3
ENSG00000075711,0.28686106,0.0,3
ENSG00000178750,0.101037934,0.0,3
ENSG00000168237_1,0.39447594,1.265384,3
ENSG00000171148,2.2431324,2.4540884,3
ENSG00000156976,2.2387607,3.560092,3
ENSG00000114127,2.1556447,2.468839,3
ENSG00000073711,1.2493478,1.2790964,3
ENSG00000121858,1.3956023,0.0,3
ENSG00000113845,2.3081617,2.7406523,3
ENSG00000181722,0.9769702,0.0,3
ENSG00000144730_1,0.7071065,0.8672435,3
ENSG00000159231,0.8824893,1.3108631,3
ENSG00000187492,0.23262365,0.0,3
ENSG00000243818,0.14206226,0.0,3
ENSG00000114547,0.89463687,1.1428899,3
ENSG00000114416,0.24848117,1.1418729,3
ENSG00000183036,0.24017255,0.0,3
ENSG00000114638_1,0.06571435,0.0,3
ENSG00000187118,2.0299063,3.141205,3
ENSG00000183624,1.9257565,2.4331439,3
ENSG00000170142_1,1.7471261,2.409798,3
ENSG00000160746,1.8402995,0.0,3
ENSG00000178694,2.4015758,2.2816968,3
ENSG00000224652_1,0.23062694,0.0,3
ENSG00000163655,2.3495846,3.0758498,3
ENSG00000163637,0.43555248,1.2584864,3
ENSG00000132182,2.3691921,2.9064968,3
ENSG00000160200,0.9144366,0.91305584,3
ENSG00000159079_2,2.0016594,3.122052,3
ENSG00000197415_1,0.17900151,0.0,3
ENSG00000142173,1.2955594,0.9317883,3
ENSG00000159079_1,2.0328069,2.8952644,3
ENSG00000159200_1,2.071436,1.5851334,3
ENSG00000183778,1.2677069,1.2798494,3
ENSG00000173638,1.293578,0.0,3
ENSG00000179152,2.1492996,2.3134053,3
ENSG00000232884_2,1.235594,1.5848738,3
ENSG00000270170,2.6521962,2.4161344,3
ENSG00000160183,0.23936689,0.0,3
ENSG00000213533,0.35988802,0.0,3
ENSG00000244541,0.13533953,0.0,3
ENSG00000114735_1,2.0381658,1.8350307,3
ENSG00000272690,1.4974455,0.0,3
ENSG00000156261,0.16209203,1.4112846,3
ENSG00000243818_1,0.15108505,0.0,3
ENSG00000233215,0.0711311,0.0,3
ENSG00000145012_1,1.0280753,1.6271404,3
ENSG00000138246_1,2.2000697,1.3418696,3
ENSG00000160145,1.3183103,1.7907987,3
ENSG00000231106,0.6624546,0.0,3
ENSG00000144852,0.1469529,0.8137811,3
ENSG00000280739_2,1.9999263,1.6823797,3
ENSG00000290523,0.49597603,1.6325079,3
ENSG00000154767,0.121674195,0.0,3
ENSG00000290862,0.20750935,0.0,3
ENSG00000163833,0.2350587,0.0,3
ENSG00000281903,0.08482308,0.0,3
ENSG00000161204,2.2869542,2.3841329,3
ENSG00000091513,0.74634385,0.0,3
ENSG00000290338,1.0092908,1.0643831,3
ENSG00000169704,0.24007003,0.42708018,3
ENSG00000241553_1,2.4769454,3.2648957,3
ENSG00000151092,1.1500053,0.0,3
ENSG00000164053,2.1162112,2.3097706,3
ENSG00000229425_3,0.08265365,0.0,3
ENSG00000232884_1,0.20867139,0.0,3
ENSG00000163581,0.14969325,0.0,3
ENSG00000180509_1,0.17636725,0.0,3
ENSG00000160200_1,1.0116901,0.8935232,3
ENSG00000182816,0.2542621,0.0,3
ENSG00000164076,1.2389952,1.1940979,3
ENSG00000168309_1,0.5225582,0.0,3
ENSG00000163964,2.4343524,2.724931,3
ENSG00000154736,0.4869101,1.6471707,3
ENSG00000144554,2.2177181,2.6079898,3
ENSG00000213689,2.1797476,2.8621206,3
ENSG00000114902,2.4588604,3.3416085,3
ENSG00000075420_1,2.0412061,0.91658026,3
ENSG00000073792,0.07976517,0.0,3
ENSG00000144655_1,0.37606245,0.0,3
ENSG00000243347,0.1753678,0.0,3
ENSG00000198829,0.08235249,0.0,3
ENSG00000159086,2.478687,1.7222224,3
ENSG00000240303_1,1.7277689,1.9894499,3
ENSG00000178057_1,2.532906,2.6474543,3
ENSG00000153767,2.328173,2.4832077,3
ENSG00000163347,1.1863726,1.9686884,3
ENSG00000177707,0.80162334,0.0,3
ENSG00000174738,1.966601,2.1250646,3
ENSG00000114455,0.16807711,0.0,3
ENSG00000287470,0.13819593,0.0,3
ENSG00000182179,1.1483271,0.0,3
ENSG00000206530,0.6023539,1.1261638,3
ENSG00000142192_1,1.6261795,2.7981174,3
ENSG00000176597_2,0.16757742,0.0,3
ENSG00000075420,1.8704275,2.1758566,3
ENSG00000198919,2.1909132,2.2245564,3
ENSG00000228221,0.7133572,0.0,3
ENSG00000241553,2.3436053,2.644596,3
ENSG00000177694_2,0.04905489,0.0,3
ENSG00000114841,0.76683486,0.0,3
ENSG00000163611,1.6748235,0.0,3
ENSG00000144713,2.30057,0.0,3
ENSG00000177692,1.5272741,1.1639065,3
ENSG00000248592,1.8762391,2.1526675,3
ENSG00000183486,2.0512722,0.0,3
ENSG00000182240_2,0.14819825,0.0,3
ENSG00000163605,2.179101,2.9901533,3
ENSG00000047849_2,1.9394276,2.4437792,3
ENSG00000159267_1,2.0867116,1.7101343,3
ENSG00000163939,2.4291253,0.0,3
ENSG00000093167_1,2.1024148,0.9334873,3
ENSG00000055957,0.22017765,0.0,3
ENSG00000173950,0.39189905,0.52239597,3
ENSG00000068028_1,2.1723094,1.744066,3
ENSG00000183145,1.2006062,1.6607043,3
ENSG00000160199,2.3766513,2.454041,3
ENSG00000239589,0.62155557,0.50495994,3
ENSG00000151967,0.097735845,0.0,3
ENSG00000241224,0.14255,0.0,3
ENSG00000154928_1,0.579671,0.0,3
ENSG00000090539_1,1.626092,1.3232108,3
ENSG00000152601_2,2.5477514,2.341474,3
ENSG00000174579,2.549425,2.5113752,3
ENSG00000113810_1,0.18037206,0.0,3
ENSG00000114861_5,0.14697093,0.0,3
ENSG00000197584_1,0.57720786,0.0,3
ENSG00000175040,2.1578615,1.704588,3
ENSG00000174579_2,1.8293896,1.5423772,3
ENSG00000114480_1,2.5928388,3.0148396,3
ENSG00000083937,1.7433598,2.7418973,3
ENSG00000178732,0.069778994,0.0,3
ENSG00000180370,2.1398456,3.0551565,3
ENSG00000160179,0.14312366,0.0,3
ENSG00000174748,2.5038962,3.7615361,3
ENSG00000184203,2.3106112,2.9670072,3
ENSG00000172752,0.6361617,0.0,3
ENSG00000231574,0.07871884,0.0,3
ENSG00000010282,0.49515343,0.0,3
ENSG00000186971,0.18158521,1.3688631,3
ENSG00000074416,1.2812555,1.7750714,3
ENSG00000125037,1.9099002,0.0,3
ENSG00000150995_3,0.18003352,0.0,3
ENSG00000153283,0.16229805,0.0,3
ENSG00000144560_1,0.9772459,1.2197678,3
ENSG00000243849,0.12672117,0.0,3
ENSG00000160218_2,0.39497465,0.0,3
ENSG00000182606_2,0.36599427,0.0,3
ENSG00000280109,0.3828249,1.6796823,3
ENSG00000184809,1.21861,1.4676821,3
ENSG00000173890,1.7068803,1.2281436,3
ENSG00000152977_1,0.64849114,1.288808,3
ENSG00000286695,0.06980543,0.0,3
ENSG00000118017,0.096696734,0.0,3
ENSG00000185272,0.6901669,1.3675982,3
ENSG00000007402,1.7320483,1.5761915,3
ENSG00000114473_2,1.8602018,0.0,3
ENSG00000163527_1,0.103991434,0.0,3
ENSG00000091986,0.10777858,0.0,3
ENSG00000163755,2.032242,2.3427758,3
ENSG00000012171_1,0.38180202,0.0,3
ENSG00000239482,0.21813132,0.0,3
ENSG00000172578,0.86102504,2.9595146,3
ENSG00000197415_3,0.104811005,0.0,3
ENSG00000090539,1.5655903,1.3988425,3
ENSG00000178772,0.4514523,0.9865478,3
ENSG00000178700,2.503429,1.8971078,3
ENSG00000145016,2.4829838,2.6639702,3
ENSG00000144893_1,1.2132909,1.0668921,3
ENSG00000164091_1,2.5087276,2.3926618,3
ENSG00000145192,0.26557672,0.0,3
ENSG00000247596,2.3731542,2.7084992,3
ENSG00000152601,1.2953517,0.0,3
ENSG00000156284,0.123402484,0.0,3
ENSG00000114019,1.2674437,1.4333377,3
ENSG00000157551_2,0.3510238,0.0,3
ENSG00000163520_1,0.25846386,0.0,3
ENSG00000065485,1.4583576,2.0473332,3
ENSG00000145020,0.9534575,1.0848265,3
ENSG00000163946,2.2424278,2.1903877,3
ENSG00000237527,0.072896294,0.0,3
ENSG00000163635,0.81529003,1.1303982,3
ENSG00000229425,0.09861927,0.0,3
ENSG00000225733,2.298553,2.4154341,3
ENSG00000206199,0.10987493,0.0,3
ENSG00000163634,2.3289113,2.599895,3
ENSG00000206262_1,0.61747193,0.7578058,3
ENSG00000144741,1.8170071,2.1876109,3
ENSG00000090097_1,0.9497906,1.5579882,3
ENSG00000164077,1.8937325,2.0618255,3
ENSG00000232560,0.11274862,0.0,3
ENSG00000158220,1.0218313,1.133539,3
ENSG00000241288,1.6365829,0.0,3
ENSG00000114251_3,0.32791036,0.0,3
ENSG00000227124,1.6384232,2.092675,3
ENSG00000164068,2.2029223,2.0174716,3
ENSG00000114439_1,1.6939563,1.1735388,3
ENSG00000164050,1.8451672,1.5870596,3
ENSG00000114867_1,2.0448291,2.0316105,3
ENSG00000151093,1.2198068,1.407306,3
ENSG00000286531,1.4662629,0.0,3
ENSG00000179674,0.07333241,0.0,3
ENSG00000164091,2.5263233,3.1263783,3
ENSG00000280739_1,2.0126548,1.5536404,3
ENSG00000114786,1.6833794,2.20257,3
ENSG00000064225_4,0.119997986,0.0,3
ENSG00000114861_3,0.04868173,0.0,3
ENSG00000093183_2,2.2212853,2.5228093,3
ENSG00000085276_1,0.8447518,1.2799406,3
ENSG00000153002_1,0.0735375,0.0,3
ENSG00000174928,1.4908714,1.4690411,3
ENSG00000093167,0.34594178,0.0,3
ENSG00000183833,1.210917,1.7456212,3
ENSG00000114115,0.77746767,1.3279512,3
ENSG00000229334,0.87498593,1.3619921,3
ENSG00000163751_1,0.059954237,0.0,3
ENSG00000170819,0.27870065,0.59335583,3
ENSG00000163666_1,2.011711,0.0,3
ENSG00000155307_1,0.089435115,0.0,3
ENSG00000178149,1.6803997,1.8066208,3
ENSG00000243926_1,2.3633413,1.6110432,3
ENSG00000163320_1,2.170333,2.4289281,3
ENSG00000275496,0.9175582,0.0,3
ENSG00000144674,2.3988552,2.5645478,3
ENSG00000242759_3,0.9424435,0.0,3
ENSG00000163412,1.7083426,1.7648932,3
ENSG00000239213,2.2645998,0.0,3
ENSG00000162267,0.27669245,0.0,3
ENSG00000174013,2.3241596,2.4226556,3
ENSG00000175066,1.7421935,2.032514,3
ENSG00000113810_2,0.1517277,1.5171247,3
ENSG00000145103,1.7938538,1.927242,3
ENSG00000114346,2.231085,2.5969048,3
ENSG00000131386_2,0.42525375,0.0,3
ENSG00000129048,0.15602516,0.0,3
ENSG00000288700,0.10906686,0.0,3
ENSG00000242317,0.19796917,0.0,3
ENSG00000172215,0.16789544,0.0,3
ENSG00000285815,1.5391906,2.0497258,3
ENSG00000073849_1,1.7851325,1.5796007,3
ENSG00000231213,0.1015976,0.0,3
ENSG00000205929,0.19235301,0.0,3
ENSG00000154928,1.6555636,3.1640255,3
ENSG00000157557_1,1.726212,2.1575384,3
ENSG00000076201,2.629355,2.716696,3
ENSG00000066422,1.976015,2.4898124,3
ENSG00000071282,1.4590783,0.0,3
ENSG00000153002,0.11578933,0.0,3
ENSG00000114744,1.6518884,2.631057,3
ENSG00000213139,0.0962842,0.0,3
ENSG00000158258,1.3664488,2.026521,3
ENSG00000230891,0.12455067,0.0,3
ENSG00000144848,2.5173495,2.6565104,3
ENSG00000171757_2,1.214672,1.2074566,3
ENSG00000174007,2.4246283,0.0,3
ENSG00000172995_1,0.121632576,0.0,3
ENSG00000242808_2,0.12133111,0.0,3
ENSG00000142178,2.0284195,2.0517814,3
ENSG00000227398,2.2176785,1.8622805,3
ENSG00000237945_1,2.6308658,1.5814831,3
ENSG00000183977,0.109743215,0.0,3
ENSG00000185808_1,1.9687018,1.3418103,3
ENSG00000114757_2,1.4863863,1.9679363,3
ENSG00000242808_7,0.2817012,0.551328,3
ENSG00000017260_1,2.4881325,2.3528962,3
ENSG00000238197,2.2165403,1.1510019,3
ENSG00000163320,2.533659,2.678391,3
ENSG00000121807_1,0.19725555,0.0,3
ENSG00000114861_7,0.96746147,0.724112,3
ENSG00000215386_13,0.1002294,0.0,3
ENSG00000168306,0.33237147,0.0,3
ENSG00000144824_1,1.0269555,0.0,3
ENSG00000013297_1,0.17651671,0.7105405,3
ENSG00000163913_1,0.19592701,0.0,3
ENSG00000175093,1.4461195,1.6384593,3
ENSG00000163832_1,2.4173214,2.384201,3
ENSG00000078070,2.328599,2.6592257,3
ENSG00000163412_1,1.565387,0.0,3
ENSG00000287706,0.15539697,0.0,3
ENSG00000248487,1.2679713,2.847035,3
ENSG00000183036_1,0.10881845,0.0,3
ENSG00000142182,0.43305004,0.0,3
ENSG00000156261_1,2.7235138,3.716892,3
ENSG00000055955,0.32365066,0.0,3
ENSG00000018408,0.13905072,0.0,3
ENSG00000163689,1.4925563,2.0861995,3
ENSG00000163389,2.3478107,2.4694273,3
ENSG00000197953,0.053556472,0.0,3
ENSG00000259956,2.1839147,2.4147897,3
ENSG00000272359,0.11677359,0.0,3
ENSG00000158234_1,2.0729327,1.8488127,3
ENSG00000114098,1.7573266,2.7704837,3
ENSG00000244128,0.33985722,0.0,3
ENSG00000177479,2.5818038,2.9423757,3
ENSG00000131370_1,0.7672008,0.0,3
ENSG00000164054_2,0.61806107,1.1031878,3
ENSG00000235978,0.13719714,0.0,3
ENSG00000187094_1,0.60981554,0.6605904,3
ENSG00000144810_1,0.67291886,0.0,3
ENSG00000065534_2,0.48604447,0.0,3
ENSG00000071794,1.7600182,2.599953,3
ENSG00000023330,2.304788,2.976587,3
ENSG00000076242,2.4755592,2.999342,3
ENSG00000163827_1,0.685478,1.3753892,3
ENSG00000150995_4,0.26574883,0.0,3
ENSG00000290317,0.12571275,0.0,3
ENSG00000187033,0.13784906,0.0,3
ENSG00000121552,0.2323731,0.0,3
ENSG00000244405,1.8357174,2.2145948,3
ENSG00000265590,1.6664314,2.6150553,3
ENSG00000278233,2.120921,0.0,3
ENSG00000145040,0.3147666,0.46287695,3
ENSG00000173421,0.6976546,0.0,3
ENSG00000187288,0.26920658,0.9909601,3
ENSG00000197683,0.1071174,0.0,3
ENSG00000075711_4,2.3836308,2.2330978,3
ENSG00000196549_1,0.07176066,0.0,3
ENSG00000156976_1,2.1966844,1.1272668,3
ENSG00000144868_1,0.24051253,0.0,3
ENSG00000119231,2.2645164,2.5463724,3
ENSG00000114346_1,2.275155,0.0,3
ENSG00000180530_1,2.0241213,1.8877298,3
ENSG00000114857,2.542078,2.5822566,3
ENSG00000163848,2.2972703,2.0364652,3
ENSG00000215386_5,0.33232623,1.173565,3
ENSG00000198054,0.21349783,1.0894812,3
ENSG00000114904,2.0925446,2.6610343,3
ENSG00000008952,2.4706044,2.5588164,3
ENSG00000144655,2.3235416,2.229623,3
ENSG00000144959,1.5503054,2.2464714,3
ENSG00000227456,0.1203897,0.0,3
ENSG00000152580_1,0.7747539,1.173565,3
ENSG00000066405,0.1851834,0.0,3
ENSG00000053524_1,0.9664836,0.0,3
ENSG00000177311_2,0.9558625,0.0,3
ENSG00000114770,1.6783069,1.5880923,3
ENSG00000280164,0.6898714,0.0,3
ENSG00000168268_2,0.43389672,0.0,3
ENSG00000114796,1.5678971,2.316972,3
ENSG00000164051,2.1117768,0.0,3
ENSG00000242512,0.12829521,0.0,3
ENSG00000188315,1.8605814,1.3358188,3
ENSG00000114790,1.1281028,1.0789098,3
ENSG00000163527,2.4967566,2.830967,3
ENSG00000221955_1,1.1635714,1.0656171,3
ENSG00000183527,2.423577,3.017926,3
ENSG00000234380,0.5903837,0.0,3
ENSG00000070950,1.9387629,2.6285627,3
ENSG00000144648,0.13984656,0.0,3
ENSG00000242220,0.19798014,0.6076298,3
ENSG00000121578_1,2.1919796,1.9770281,3
ENSG00000163728,2.0437617,2.6430874,3
ENSG00000120742_1,2.1565828,2.2389388,3
ENSG00000185614,1.6962504,1.6071439,3
ENSG00000164061,1.6375338,1.9761161,3
ENSG00000233912,1.7929757,0.0,3
ENSG00000234289,1.1069286,3.581334,3
ENSG00000281903_1,0.08735824,0.0,3
ENSG00000182240,1.503523,1.6446257,3
ENSG00000160299,2.4234142,2.2529259,3
ENSG00000157540,2.4897468,2.3434086,3
ENSG00000197415_2,0.16372296,0.8351259,3
ENSG00000012223,0.7083691,0.0,3
ENSG00000196639,1.3520093,1.2120011,3
ENSG00000138271,0.1240049,0.0,3
ENSG00000240006,0.8556452,0.0,3
ENSG00000173540,2.50578,2.2515774,3
ENSG00000051341,2.0853872,2.5165353,3
ENSG00000004838,0.8948768,0.0,3
ENSG00000067560,2.8259115,3.6813335,3
ENSG00000291071,2.210398,1.4916418,3
ENSG00000183763,1.7279712,2.2180073,3
ENSG00000136603,2.2342942,1.9589268,3
ENSG00000163933,2.080537,0.0,3
ENSG00000073803_1,0.14729874,0.0,3
ENSG00000144815_2,1.6052153,0.0,3
ENSG00000154165,1.8676951,2.2660341,3
ENSG00000157601,2.521584,3.2999384,3
ENSG00000242553,1.9344802,1.704828,3
ENSG00000163807,2.0002449,0.0,3
ENSG00000160298,0.5239889,0.7867159,3
ENSG00000114902_1,2.3299022,3.2897873,3
ENSG00000175697,1.104046,0.0,3
ENSG00000178537,1.9593025,1.8189183,3
ENSG00000144560,1.494588,1.4231476,3
ENSG00000182606,2.3804908,1.6700695,3
ENSG00000120756,1.3546495,1.767799,3
ENSG00000169313,0.35868388,0.0,3
ENSG00000196542,0.32211506,0.0,3
ENSG00000244265,0.4813102,0.85748327,3
ENSG00000183640,0.228699,0.0,3
ENSG00000168036,0.11838237,0.0,3
ENSG00000215424,1.8408842,1.9262241,3
ENSG00000169981,1.150058,0.0,3
ENSG00000181631,0.09198559,0.0,3
ENSG00000053524,0.12974995,0.0,3
ENSG00000293315,1.1381903,1.5716482,3
ENSG00000241544,0.41261017,0.44791737,3
ENSG00000277739,2.0438342,0.0,3
ENSG00000223552,0.48427534,0.0,3
ENSG00000164047,0.9988112,1.0191163,3
ENSG00000090520,2.4018981,3.1214778,3
ENSG00000180509,0.83174086,1.0871778,3
ENSG00000181788,2.4336283,2.7604978,3
ENSG00000114541_3,1.2812613,1.4144385,3
ENSG00000186432,2.1482716,2.7318547,3
ENSG00000144821,0.1557725,0.0,3
ENSG00000129071,2.4001586,2.5417626,3
ENSG00000154640,2.0726545,2.3048782,3
ENSG00000159228,1.7407901,2.120574,3
ENSG00000090530_1,0.20204552,0.578559,3
ENSG00000178467,1.8334769,2.252426,3
ENSG00000249992,1.4515516,1.774298,3
ENSG00000154917,1.444935,1.5253428,3
ENSG00000114861_6,0.054601856,0.0,3
ENSG00000184012,1.1695759,1.5136038,3
ENSG00000079257,1.4779068,2.3197033,3
ENSG00000075711_5,1.7249007,2.1075797,3
ENSG00000114670,1.6764731,0.0,3
ENSG00000169903_1,0.15866306,0.0,3
ENSG00000197381,2.0226707,2.33416,3
ENSG00000163812_1,2.1968195,2.6171231,3
ENSG00000077092_1,0.22507672,0.0,3
ENSG00000176945,0.2898314,0.0,3
ENSG00000239921,0.22656445,0.0,3
ENSG00000159685,1.2806104,1.9028239,3
ENSG00000073803_2,1.5167446,1.6629183,3
ENSG00000151967_1,0.18878372,0.0,3
ENSG00000072274,2.556609,3.4154592,3
ENSG00000151276_1,0.66292363,0.0,3
ENSG00000159055,2.016152,2.6216125,3
ENSG00000134070,1.4511702,1.4562597,3
ENSG00000233922,0.60468227,2.0536585,3
ENSG00000114850,0.20809995,0.0,3
ENSG00000114209_1,2.2454445,3.0029433,3
ENSG00000151576,2.0128014,2.6590476,3
ENSG00000144645_1,0.20775604,0.0,3
ENSG00000169251,0.48279953,0.9639294,3
ENSG00000144868,0.738631,0.88055634,3
ENSG00000114480,0.15847676,0.0,3
ENSG00000170837,1.7630076,1.7896512,3
ENSG00000241186_1,0.09847894,0.62483877,3
ENSG00000127241,0.18694103,0.0,3
ENSG00000138496,2.2688372,2.2729018,3
ENSG00000138495,2.6432066,3.554414,3
ENSG00000175110,0.45898163,0.0,3
ENSG00000113812,2.2739284,2.7027407,3
ENSG00000232832,1.2254436,1.0136377,3
ENSG00000114757_1,1.3259823,1.2567418,3
ENSG00000177463_2,0.1654202,0.0,3
ENSG00000142192,0.13660666,0.0,3
ENSG00000168875,0.7115712,0.914819,3
ENSG00000114107,1.3316052,0.0,3
ENSG00000090097,1.6014795,0.0,3
ENSG00000249833,0.6286501,0.0,3
ENSG00000080822_2,2.5424552,2.7595863,3
ENSG00000182591,0.20757477,0.6877073,3
ENSG00000134086,2.2468872,2.705253,3
ENSG00000183662,0.10387304,0.67885876,3
ENSG00000173811,0.12145707,0.59697074,3
ENSG00000168273,1.7379018,1.1830335,3
ENSG00000177383,1.762501,2.837195,3
ENSG00000240057,2.3315828,2.7259917,3
ENSG00000244025,0.15876883,0.0,3
ENSG00000114416_1,0.24478644,0.0,3
ENSG00000215386_6,0.09745616,0.0,3
ENSG00000243620_1,0.16633393,0.0,3
ENSG00000280018,1.1834193,0.0,3
ENSG00000172936,2.3876126,2.811683,3
ENSG00000181555,2.2832801,2.5363185,3
ENSG00000053524_2,1.3027272,1.1589954,3
ENSG00000178038,1.1574235,0.98511195,3
ENSG00000263776,0.3712427,1.2282488,3
ENSG00000136059_1,1.587598,1.8528092,3
ENSG00000163704,1.5541344,2.07016,3
ENSG00000214686,0.12512174,0.0,3
ENSG00000187026,0.21893588,1.4748133,3
ENSG00000004534,2.5058587,2.812368,3
ENSG00000188958_1,0.78152794,1.0066799,3
ENSG00000196353_1,0.49628472,2.8347766,3
ENSG00000156256,2.6011376,3.0861106,3
ENSG00000241163_3,0.33033863,0.0,3
ENSG00000132394,2.163451,1.9958326,3
ENSG00000164054_1,1.5686142,1.3821251,3
ENSG00000081307_1,2.0196512,2.74527,3
ENSG00000172340,2.3410788,2.7294402,3
ENSG00000205981,1.7726262,3.0583122,3
ENSG00000150995_2,0.090311214,0.0,3
ENSG00000163781,2.2956629,2.6840146,3
ENSG00000205622,0.19270493,0.0,3
ENSG00000114354,2.3012004,3.2530253,3
ENSG00000163960,2.2792249,2.6705556,3
ENSG00000163576,0.27601504,0.0,3
ENSG00000163646,0.13715687,0.0,3
ENSG00000114757,0.32976234,1.8989006,3
ENSG00000141956_2,2.1146953,2.154567,3
ENSG00000175182,1.386083,1.1735475,3
ENSG00000158092,2.433497,2.3144865,3
ENSG00000121577,0.7082922,0.0,3
ENSG00000151276_2,0.76895034,1.4971786,3
ENSG00000144857,0.7927227,1.6557529,3
ENSG00000250934_1,0.10617777,0.0,3
ENSG00000018408_2,0.29833984,0.0,3
ENSG00000068885,1.8055724,0.0,3
ENSG00000163701,0.38824183,0.0,3
ENSG00000285906,0.13682169,0.0,3
ENSG00000163606,0.39300764,0.0,3
ENSG00000243069,1.0056864,0.9561012,3
ENSG00000239732,1.3247633,0.0,3
ENSG00000041880_1,0.8593149,1.308116,3
ENSG00000244300,0.70757604,1.0299314,3
ENSG00000043093_1,0.13322751,0.0,3
ENSG00000119227,1.8150811,1.5773768,3
ENSG00000121879,2.5014148,2.4083672,3
ENSG00000196220,0.6929455,0.6215294,3
ENSG00000235888,0.19494873,0.0,3
ENSG00000172765,0.08043794,0.0,3
ENSG00000075785,2.3125172,3.4086351,3
ENSG00000232112,2.3637056,3.4325716,3
ENSG00000188846,2.2648163,3.7598898,3
ENSG00000224957_1,0.12386865,0.0,3
ENSG00000235123,0.11072532,0.0,3
ENSG00000155903,1.9251748,2.3155296,3
ENSG00000174944,0.15058815,0.0,3
ENSG00000215386_15,0.35043436,0.0,3
ENSG00000074416_1,2.1885483,2.8385847,3
ENSG00000114030_1,0.27957076,0.0,3
ENSG00000163530,0.26834947,0.6349204,3
ENSG00000144802,2.086619,2.7850044,3
ENSG00000239523,1.9051352,0.0,3
ENSG00000239828,0.097696885,0.0,3
ENSG00000172061,0.526182,0.0,3
ENSG00000174611,1.1119637,1.4578214,3
ENSG00000177352,2.0112247,2.416712,3
ENSG00000144895,2.2599406,3.3334775,3
ENSG00000168237,2.6370335,2.301746,3
ENSG00000033867_1,2.1434479,2.3327172,3
ENSG00000172771,0.91192114,0.6877518,3
ENSG00000173175_1,0.23873655,0.0,3
ENSG00000181458_1,0.13845095,0.0,3
ENSG00000179348_1,0.748241,0.9147873,3
ENSG00000170854,0.1340445,1.1648879,3
ENSG00000018408_3,2.3563006,2.1997223,3
ENSG00000163608,2.2843041,2.6467957,3
ENSG00000090097_3,1.5761726,2.5426137,3
ENSG00000187715,0.73436433,1.1619666,3
ENSG00000164045,2.1037896,2.544238,3
ENSG00000157103,0.41302705,0.0,3
ENSG00000163512,2.401373,2.2266514,3
ENSG00000188660,0.6308337,0.8093711,3
ENSG00000244468,0.35428715,0.0,3
ENSG00000114541,0.14937389,0.0,3
ENSG00000240476_1,0.32767093,0.0,3
ENSG00000181061,2.1983328,2.9523032,3
ENSG00000156265_1,0.17239562,0.0,3
ENSG00000154727,2.2117715,2.6418903,3
ENSG00000132170_1,0.5241643,0.0,3
ENSG00000164082,1.2349691,1.4311224,3
ENSG00000160193,2.468897,2.5886717,3
ENSG00000187715_1,1.0608841,0.6248697,3
ENSG00000241336,0.21153082,0.0,3
ENSG00000159216_3,0.96663797,1.0894706,3
ENSG00000113905,0.12132343,1.0656469,3
ENSG00000159256,2.367499,2.6047616,3
ENSG00000214381,0.15824226,0.0,3
ENSG00000169714,2.7207022,3.611702,3
ENSG00000188694,0.13961086,0.7700268,3
ENSG00000082684,0.55972147,0.0,3
ENSG00000168334,0.3209826,0.93182385,3
ENSG00000168827,1.3994689,0.0,3
ENSG00000159131,2.169952,0.0,3
ENSG00000114251_2,0.92921686,1.1802119,3
ENSG00000132170,1.5558202,0.0,3
ENSG00000183873,1.3735228,1.2850394,3
ENSG00000196549,0.10820819,0.0,3
ENSG00000157557,0.835228,1.0717385,3
ENSG00000287207,1.8555024,0.0,3
ENSG00000144848_1,2.6994867,2.9941676,3
ENSG00000075711_2,0.14539352,0.0,3
ENSG00000125046_1,0.24452859,0.0,3
ENSG00000136527,2.448882,3.4531302,3
ENSG00000057019_2,2.2624233,1.7186761,3
ENSG00000290936,0.082987234,0.46769688,3
ENSG00000163661,0.22343926,0.0,3
ENSG00000229086,0.12817122,0.0,3
ENSG00000241490,1.6533927,0.0,3
ENSG00000160182,0.42221117,0.6382196,3
ENSG00000202363,0.40033334,0.93013364,3
ENSG00000158234,1.7250941,2.7660036,3
ENSG00000185909,1.0601625,0.0,3
ENSG00000114248,0.23157437,0.0,3
ENSG00000188167_1,2.042818,2.6948316,3
ENSG00000114853,0.4525895,0.0,3
ENSG00000181467,2.2083292,2.604712,3
ENSG00000188001_1,0.086297825,0.75778306,3
ENSG00000206557,0.90827525,1.6275604,3
ENSG00000180353,2.350995,3.560656,3
ENSG00000175105,2.303413,2.2511587,3
ENSG00000243927,2.2578576,3.239014,3
ENSG00000142149,1.006735,1.5874078,3
ENSG00000186977,0.21627118,0.687734,3
ENSG00000163714,2.3390923,2.861315,3
ENSG00000243926,2.4578156,1.3826113,3
ENSG00000196083_1,0.096828386,0.0,3
ENSG00000136521,2.1666043,3.21004,3
ENSG00000163428,2.2782497,2.7037385,3
ENSG00000144908_1,0.14243302,0.0,3
ENSG00000187527,0.13343443,0.0,3
ENSG00000114854,0.1921502,0.0,3
ENSG00000142192_2,0.9357125,2.6442277,3
ENSG00000174640,1.3309811,1.4771792,3
ENSG00000163788,1.9354485,2.411148,3
ENSG00000166979_2,1.3703113,1.3694942,3
ENSG00000174963,0.16995618,0.0,3
ENSG00000197548,2.116882,2.4344156,3
ENSG00000144659_1,1.9175539,1.1793995,3
ENSG00000240682,2.2550325,2.5461044,3
ENSG00000144893,1.4630091,1.1175364,3
ENSG00000160209_1,2.0941758,1.291724,3
ENSG00000185798,2.2227314,0.0,3
ENSG00000157388,1.4988658,1.4593321,3
ENSG00000272886,2.2630754,0.0,3
ENSG00000160285,1.9885893,2.7730114,3
ENSG00000010327,0.5537166,0.0,3
ENSG00000164080,2.0463452,0.0,3
ENSG00000278903,1.091079,3.037323,3
ENSG00000198218,2.532866,1.9910665,3
ENSG00000114315,0.58758056,1.7711831,3
ENSG00000163817,1.1897182,0.9880236,3
ENSG00000188313_1,1.126838,2.9995308,3
ENSG00000283971,2.0795121,3.005798,3
ENSG00000236830,1.2317824,1.2093353,3
ENSG00000215386_7,0.07781025,0.0,3
ENSG00000182899,2.0605092,3.735543,3
ENSG00000163932_1,0.6955676,0.82022774,3
ENSG00000114861_2,0.14525059,0.0,3
ENSG00000001617,1.5105268,1.5719649,3
ENSG00000184029,0.22474785,0.0,3
ENSG00000185621,1.7104429,1.3976793,3
ENSG00000214145,0.44254142,0.0,3
ENSG00000270959,1.2844865,1.1335708,3
ENSG00000242808_1,0.14408606,0.0,3
ENSG00000163825,0.12935725,0.0,3
ENSG00000205758_1,0.2963301,0.0,3
ENSG00000181322,1.0028726,1.1648582,3
ENSG00000114738,1.4550936,1.692935,3
ENSG00000182568,1.5628846,1.9874429,3
ENSG00000196353_2,0.118304946,0.0,3
ENSG00000286988,0.11208957,0.0,3
ENSG00000182362_1,1.7944404,0.0,3
ENSG00000243989,2.1109123,1.993987,3
ENSG00000224957,1.183148,0.0,3
ENSG00000163638,1.27129,1.4917678,3
ENSG00000184500,1.1201111,1.6308447,3
ENSG00000215386_14,0.3593501,1.3142487,3
ENSG00000145012_2,1.2876866,1.6051219,3
ENSG00000164081,2.1147494,2.4319649,3
ENSG00000170293,1.4677126,1.4215381,3
ENSG00000091527_1,2.058756,1.285107,3
ENSG00000121864,2.3241076,2.115504,3
ENSG00000244161,0.14947538,0.0,3
ENSG00000243715,0.0877171,0.0,3
ENSG00000206535,1.9713613,2.1730056,3
ENSG00000122068_1,2.2868292,2.996362,3
ENSG00000144566,2.5209723,2.3600233,3
ENSG00000144649,0.6861651,1.2423426,3
ENSG00000155893_1,1.7731738,1.4681892,3
ENSG00000242808_5,0.07651347,1.3045766,3
ENSG00000131379,0.19317415,0.0,3
ENSG00000065534_1,0.14978728,0.0,3
ENSG00000286870,0.557491,0.0,3
ENSG00000240045,0.13021798,0.0,3
ENSG00000152642,1.7404006,1.8238587,3
ENSG00000239513,0.4403255,0.5180926,3
ENSG00000197415,0.28288567,0.0,3
ENSG00000064225_2,1.9603021,1.7232833,3
ENSG00000153551,1.1718477,2.8337142,3
ENSG00000232884,0.1427331,0.0,3
ENSG00000180044,1.5717793,1.7357745,3
ENSG00000186448_1,1.5484326,2.3503547,3
ENSG00000114030_2,2.0046444,2.931498,3
ENSG00000131374,1.0109166,1.5299691,3
ENSG00000158234_2,0.0792795,0.0,3
ENSG00000177311_5,2.303839,2.6114259,3
ENSG00000122068,1.9661431,1.2821687,3
ENSG00000091317,1.7627611,3.1391892,3
ENSG00000181722_2,0.20704703,0.5473439,3
ENSG00000080819,2.4411168,2.6892316,3
ENSG00000145194,1.0121074,1.1745105,3
ENSG00000178053,0.8683336,0.0,3
ENSG00000160209_3,0.9114097,0.96393883,3
ENSG00000197885,2.534297,2.2322156,3
ENSG00000181788_1,2.0832033,2.802452,3
ENSG00000186103,0.1331953,0.0,3
ENSG00000223768,1.5825257,1.5508884,3
ENSG00000159082,2.2546332,1.6384194,3
ENSG00000163659,2.6562796,2.3337314,3
ENSG00000154639,1.3310822,1.4311707,3
ENSG00000284862,0.68156314,0.0,3
ENSG00000144746,2.1842573,3.21403,3
ENSG00000163964_1,2.4864793,1.907449,3
ENSG00000144834_1,0.35304028,0.9608179,3
ENSG00000182240_3,0.16424671,0.0,3
ENSG00000163975,0.77923185,1.121888,3
ENSG00000010322,2.0710905,0.0,3
ENSG00000178075_2,0.08873287,0.0,3
ENSG00000163660_1,2.6179605,2.9779963,3
ENSG00000250218,1.9645467,0.0,3
ENSG00000163681_2,0.105955854,0.0,3
ENSG00000185433,1.4840262,3.063746,3
ENSG00000166979_3,1.4169217,1.4134171,3
ENSG00000225697,2.258932,1.9590749,3
ENSG00000248932,2.2405138,0.0,3
ENSG00000163710_1,1.3501749,1.770012,3
ENSG00000160213,1.9766645,3.4648485,3
ENSG00000223930,0.10148486,0.0,3
ENSG00000163618,0.90549433,1.2676785,3
ENSG00000170142,1.6925435,3.3953316,3
ENSG00000174839,2.3582716,2.1605105,3
ENSG00000230082,1.3638251,1.4804956,3
ENSG00000144824,0.16399321,0.0,3
ENSG00000187091_1,1.6493919,1.4384364,3
ENSG00000153551_1,1.4888753,2.4108093,3
ENSG00000182093,1.1640614,0.0,3
ENSG00000168356,1.8703666,0.0,3
ENSG00000160255_1,1.627611,0.0,3
ENSG00000168268_1,2.0280309,2.4778445,3
ENSG00000180914,1.0497913,2.0170376,3
ENSG00000142185_1,1.3858402,0.8514663,3
ENSG00000215386_10,0.3540389,0.0,3
ENSG00000250151,0.18984593,0.0,3
ENSG00000170275,1.9582677,2.6548982,3
ENSG00000287623,0.18751785,0.0,3
ENSG00000163751,0.12419537,0.0,3
ENSG00000291078,2.231155,2.1575232,3
ENSG00000172215_1,0.16652247,0.0,3
ENSG00000183421,1.0602709,1.6681622,3
ENSG00000280594,1.0735582,0.0,3
ENSG00000203506,0.14490324,0.5969378,3
ENSG00000168301,1.919556,1.9088441,3
ENSG00000073849,1.647662,2.3476636,3
ENSG00000241945,1.6166583,1.8457862,3
ENSG00000214097,0.19963703,0.0,3
ENSG00000184220,2.2672606,2.9272954,3
ENSG00000171109,2.205336,2.8518543,3
ENSG00000272573,0.30594143,0.73737556,3
ENSG00000073849_3,2.0935488,3.146494,3
ENSG00000157554_2,0.49008876,0.94657016,3
ENSG00000145041,2.3490891,2.700445,3
ENSG00000183625,0.17479858,0.80706125,3
ENSG00000177311_4,1.601737,2.4954069,3
ENSG00000121594,1.8154042,2.7670014,3
ENSG00000293492,0.90926725,0.0,3
ENSG00000160145_2,0.28222084,1.3211633,3
ENSG00000181804,1.241057,0.0,3
ENSG00000244342,0.108749084,0.0,3
ENSG00000252950,0.08437528,0.0,3
ENSG00000243083,0.1809026,0.0,3
ENSG00000163577,1.4086858,1.6896595,3
ENSG00000240303,1.2992088,1.4632059,3
ENSG00000163930,1.9530795,2.3522656,3
ENSG00000064225_1,1.6832222,1.7318305,3
ENSG00000142173_1,0.24980213,0.0,3
ENSG00000171757,1.6312125,0.95298123,3
ENSG00000172995_2,0.13328959,0.0,3
ENSG00000156265,0.42901546,1.489396,3
ENSG00000159267,2.0928502,1.801287,3
ENSG00000196345,1.6966805,1.3352532,3
ENSG00000206262,1.0537852,0.0,3
ENSG00000163611_1,1.9831579,2.2758756,3
ENSG00000163590,1.2345724,0.0,3
ENSG00000132170_2,0.09200272,0.0,3
ENSG00000277067,0.7024893,0.0,3
ENSG00000163719,2.1352007,2.5844512,3
ENSG00000183185,0.098683886,0.0,3
ENSG00000114850_1,2.3323927,3.410239,3
ENSG00000144642_1,0.8367038,1.6702459,3
ENSG00000173578,0.20759365,0.0,3
ENSG00000164088,2.2731764,1.02592,3
ENSG00000041880,2.39434,0.0,3
ENSG00000064225_3,0.3327918,0.0,3
ENSG00000206562,1.98593,0.0,3
ENSG00000288022,0.14301616,0.66678,3
ENSG00000243273,0.055655017,0.0,3
ENSG00000172765_2,0.36393625,0.0,3
ENSG00000286624,0.12793276,0.0,3
ENSG00000144730,1.4443305,1.4476696,3
ENSG00000242086,2.1105857,2.2867866,3
ENSG00000144815,1.9366827,1.5333017,3
ENSG00000065518,2.2940485,3.4221597,3
ENSG00000160191,1.2663827,1.480053,3
ENSG00000182923_1,2.6665351,1.8623282,3
ENSG00000088727_1,2.4710364,2.0835025,3
ENSG00000239877,0.13118008,0.0,3
ENSG00000114805,0.64994353,0.79812557,3
ENSG00000168036_1,2.2661676,3.1299314,3
ENSG00000016864_1,2.432123,2.2510538,3
ENSG00000010318,2.0820007,1.8970605,3
ENSG00000205930,1.7926495,0.0,3
ENSG00000284498,2.161013,2.1872668,3
ENSG00000182247,2.0325935,2.906335,3
ENSG00000181847,0.2611465,0.65428245,3
ENSG00000163703,1.9459496,2.3494892,3
ENSG00000198643_1,0.3467782,0.0,3
ENSG00000227549,0.12971382,0.0,3
ENSG00000157538_1,2.6564975,2.72497,3
ENSG00000242808_3,0.065424755,0.0,3
ENSG00000114251,0.16936943,0.0,3
ENSG00000153560,2.425368,2.5905967,3
ENSG00000173702,0.30324787,0.0,3
ENSG00000185219,1.6684163,2.04412,3
ENSG00000293437,0.077380255,0.0,3
ENSG00000199994,0.0837461,0.0,3
ENSG00000182568_2,1.3354197,1.541966,3
ENSG00000226496,0.07899353,0.811575,3
ENSG00000159261,2.0054326,1.0813113,3
ENSG00000173175,0.20368749,0.0,3
ENSG00000163666,0.1971654,0.89348435,3
ENSG00000161217,0.22458969,0.0,3
ENSG00000163746,0.08772883,0.0,3
ENSG00000172780,2.1127522,2.042851,3
ENSG00000091527,2.768387,3.3964958,3
ENSG00000144791,1.6223894,1.59063,3
ENSG00000060971,2.5812733,2.5825157,3
ENSG00000134121_2,0.98643994,1.5921323,3
ENSG00000145016_1,0.933648,0.0,3
ENSG00000114742,2.0785465,2.5297036,3
ENSG00000142188,2.4781656,2.278685,3
ENSG00000160233,1.216687,1.5972123,3
ENSG00000163558,2.1452832,2.2580862,3
ENSG00000243477_1,2.285626,2.0997014,3
ENSG00000286531_1,1.3532152,0.0,3
ENSG00000228120,0.710605,0.7723951,3
ENSG00000163710,1.4267133,1.1931247,3
ENSG00000010322_1,0.08679968,0.0,3
ENSG00000198585,1.9982909,2.312188,3
ENSG00000156239,2.0947983,2.3000083,3
ENSG00000237167,0.34520102,1.2153441,3
ENSG00000151090,1.1412362,1.1185954,3
ENSG00000175110_1,0.4563445,0.0,3
ENSG00000234076,0.6237176,0.0,3
ENSG00000127249,0.28311294,0.8413282,3
ENSG00000068028,1.4980848,1.4675785,3
ENSG00000283706,1.0751654,1.1560189,3
ENSG00000114861_9,1.1258445,1.0325382,3
ENSG00000160799_1,2.475182,2.6887364,3
ENSG00000173905,1.9547417,2.5811074,3
ENSG00000138231,1.7428997,2.4537356,3
ENSG00000155893,0.096619055,0.0,3
ENSG00000275631,0.08060184,2.5427258,3
ENSG00000159110,0.8421559,1.2988553,3
ENSG00000003756,1.9874839,0.0,3
ENSG00000240137,1.2637352,1.3519895,3
ENSG00000013297,1.170532,1.3081694,3
ENSG00000240747,0.48241955,0.0,3
ENSG00000114861_8,0.76686776,0.0,3
ENSG00000157554,0.1406416,0.0,3
ENSG00000114544_1,1.8039541,1.9395642,3
ENSG00000196776,2.6465564,2.837671,3
ENSG00000131381,2.3300745,2.1068332,3
ENSG00000070087_1,0.49159813,1.5631131,3
ENSG00000017260,1.624985,0.0,3
ENSG00000197584,0.50305897,0.0,3
ENSG00000172046_1,2.2522376,2.3053966,3
ENSG00000114638,0.2890971,0.0,3
ENSG00000293389,1.6982883,2.2569053,3
ENSG00000243629,0.13025023,0.0,3
ENSG00000173230,2.5109966,2.4927144,3
ENSG00000142156_1,0.5533943,1.1098821,3
ENSG00000170364_1,2.1468196,1.7304915,3
ENSG00000154719,2.2182655,3.2106476,3
ENSG00000114771,0.06249714,0.49138972,3
ENSG00000179348_2,1.0011736,1.3218676,3
ENSG00000114378,0.2589118,0.8181401,3
ENSG00000183770,1.0385909,1.3191477,3
ENSG00000081307,1.5066218,2.0384214,3
ENSG00000010319,0.7307361,1.1282861,3
ENSG00000163923,2.3128204,1.877498,3
ENSG00000168917,1.133075,0.0,3
ENSG00000170248,2.1576207,2.5102232,3
ENSG00000163539_2,2.0740383,2.4506493,3
ENSG00000160284,1.6729802,0.0,3
ENSG00000242808_4,0.09286548,0.92339426,3
ENSG00000075785_1,0.24406035,1.3142444,3
ENSG00000186446,1.1041265,0.0,3
ENSG00000196639_1,0.2827055,0.0,3
ENSG00000018408_4,0.3542698,0.0,3
ENSG00000182247_1,2.1239338,2.5304174,3
ENSG00000163882_2,2.0865347,2.8252962,3
ENSG00000114126,0.6806629,0.0,3
ENSG00000287595,0.8722837,0.8093105,3
ENSG00000239128,0.1594554,0.0,3
ENSG00000158186,1.4643506,1.3977506,3
ENSG00000114021,2.048177,0.0,3
ENSG00000187098_1,0.2518916,0.0,3
ENSG00000154767_1,2.5671763,2.7823021,3
ENSG00000181722_6,2.1840734,1.7187009,3
ENSG00000160188,2.0659795,1.0531937,3
ENSG00000058262_1,2.5148408,3.336706,3
ENSG00000170876,2.3903136,2.1721706,3
ENSG00000201648,0.10047692,0.0,3
ENSG00000241135_1,2.5425458,1.680582,3
ENSG00000183778_3,0.20246977,0.0,3
ENSG00000207496,0.6189744,1.4689968,3
ENSG00000131373,2.283152,2.5718007,3
ENSG00000068745,1.9448826,0.0,3
ENSG00000232352,0.5768166,0.5181321,3
ENSG00000198643,0.14083955,0.7748161,3
ENSG00000184307,1.6012292,1.2366128,3
ENSG00000196353_3,0.26299137,0.5859568,3
ENSG00000093183,2.2780066,0.0,3
ENSG00000163931_1,0.32655638,1.5488437,3
ENSG00000131378_3,2.6460238,2.7754066,3
ENSG00000159131_1,2.5822802,2.1083858,3
ENSG00000016864,2.4395618,2.2217505,3
ENSG00000164086,2.0537124,2.3650684,3
ENSG00000250608,0.5636358,0.0,3
ENSG00000291106,1.1212726,1.8628776,3
ENSG00000069849,2.3437014,3.2215421,3
ENSG00000158163,1.0963012,0.0,3
ENSG00000081154,2.3679552,2.8152063,3
ENSG00000114279_1,0.31940192,0.8309542,3
ENSG00000157540_1,0.1536633,0.0,3
ENSG00000157005,0.7788522,0.0,3
ENSG00000173175_2,1.0206305,1.4353665,3
ENSG00000114738_2,1.7497318,2.8129869,3
ENSG00000142166,2.485673,2.6681557,3
ENSG00000169064_1,0.08270489,0.0,3
ENSG00000160294_1,2.380762,2.7970064,3
ENSG00000113916,0.94074285,0.0,3
ENSG00000154734,0.15872854,0.0,3
ENSG00000168137_1,2.4690237,1.9487845,3
ENSG00000164082_1,0.9725066,0.0,3
ENSG00000158092_1,0.25246918,0.0,3
ENSG00000173276,2.4954538,2.4608963,3
ENSG00000215386_9,0.2710567,0.74004674,3
ENSG00000163380,0.15350325,0.0,3
ENSG00000114353,0.61278397,1.1479853,3
ENSG00000138483,0.0943273,0.0,3
ENSG00000163815,0.5660181,0.0,3
ENSG00000168314,0.13975659,1.0918076,3
ENSG00000163491,1.0684355,1.0010453,3
ENSG00000287645,0.15923135,0.0,3
ENSG00000168291,2.1965933,2.8693578,3
ENSG00000163632,0.13044125,0.0,3
ENSG00000114626,2.1732183,1.4999069,3
ENSG00000293456,0.21332695,0.0,3
ENSG00000114423_1,1.6968187,1.691444,3
ENSG00000160307,0.30516744,0.8672376,3
ENSG00000118855,1.5116796,0.0,3
ENSG00000175193,2.172708,2.5997717,3
ENSG00000077092_2,0.15118429,0.0,3
ENSG00000136068,1.787322,2.834919,3
ENSG00000163958,0.41261423,0.0,3
ENSG00000157551_1,0.28875878,0.0,3
ENSG00000114541_2,0.16098957,0.0,3
ENSG00000156983,2.588666,2.3038847,3
ENSG00000163935,2.1373258,1.2274033,3
ENSG00000168268,0.85889417,1.0717348,3
ENSG00000163823,0.89808136,0.0,3
ENSG00000163513,1.066416,1.3024392,3
ENSG00000114383,2.1751735,2.4958591,3
ENSG00000293511,0.12826155,0.0,3
ENSG00000114473,0.24530573,0.0,3
ENSG00000064225,1.0017138,1.9403671,3
ENSG00000082684_1,1.4563425,1.3331852,3
ENSG00000163935_1,2.0626113,1.9578084,3
ENSG00000092345,1.0936108,0.88620865,3
ENSG00000070087,1.8067273,2.4628186,3
ENSG00000188167,2.0720413,2.2010145,3
ENSG00000242828,0.14132349,0.0,3
ENSG00000012171,0.600883,0.0,3
ENSG00000233393,0.14455128,0.78197783,3
ENSG00000172113,2.370595,2.2274058,3
ENSG00000156990,1.6901853,2.651309,3
ENSG00000173706,2.0808299,2.0573237,3
ENSG00000221837,0.488559,1.4457458,3
ENSG00000159110_1,2.3521,2.6532028,3
ENSG00000237945,0.58154035,0.0,3
ENSG00000121807,0.0881883,0.0,3
ENSG00000142185,1.0723356,1.3983047,3
ENSG00000113966,1.3724749,2.2023356,3
ENSG00000251088,0.43869418,0.0,3
ENSG00000182923,1.8991009,2.8420472,3
ENSG00000159216_2,1.7284535,1.2206258,3
ENSG00000175110_3,1.2383711,0.0,3
ENSG00000114023,2.2826986,3.541719,3
ENSG00000144647,1.3676372,1.6934456,3
ENSG00000113851,1.8453546,2.4406981,3
ENSG00000175166_1,0.12417698,0.0,3
ENSG00000185437,1.9189715,1.3694756,3
ENSG00000151093_1,2.288557,2.2674556,3
ENSG00000186866,1.4415897,2.0520742,3
ENSG00000240405,0.31728244,0.0,3
ENSG00000075420_2,0.19198848,0.0,3
ENSG00000114439,1.6713164,2.4182682,3
ENSG00000131389,2.1305318,2.6812475,3
ENSG00000177311,0.1675801,0.0,3
ENSG00000241472,0.64317936,0.0,3
ENSG00000244265_1,0.09687751,0.0,3
ENSG00000154734_1,0.93258595,1.2274239,3
ENSG00000274391,1.4313254,1.3514677,3
ENSG00000233276,2.4711232,3.1044393,3
ENSG00000160226,2.157877,2.0335965,3
ENSG00000154642,2.4650984,2.7519946,3
ENSG00000085274,2.3975053,2.3502848,3
ENSG00000177873,0.9945651,1.9420105,3
ENSG00000250934,0.23064934,0.0,3
ENSG00000144867_1,1.7561473,2.8080692,3
ENSG00000198919_1,0.28028992,0.61116016,3
ENSG00000187098,1.2008489,1.282078,3
ENSG00000243081,0.088744,0.77727455,3
ENSG00000113810,2.1182597,3.0784569,3
ENSG00000164062_1,2.2848377,2.808757,3
ENSG00000182568_1,0.14699408,0.0,3
ENSG00000144711,1.6998465,2.721664,3
ENSG00000241684,0.21319662,0.6145914,3
ENSG00000160294,0.743091,1.1109935,3
ENSG00000011376,1.9024003,0.0,3
ENSG00000163406,0.1695569,0.0,3
ENSG00000080822,2.6173978,0.0,3
ENSG00000241316,2.203468,0.0,3
ENSG00000213533_1,0.153968,0.0,3
ENSG00000183844,0.88967764,0.91307175,3
ENSG00000160179_1,1.3149376,2.1614637,3
ENSG00000058063,2.316233,2.8746204,3
ENSG00000179021,2.1952465,2.1105897,3
ENSG00000141956_1,1.1020219,0.0,3
ENSG00000178075,1.3607912,0.0,3
ENSG00000291052,0.37427533,1.0285712,3
ENSG00000205927,0.8160026,1.0777311,3
ENSG00000157542,0.9225068,1.1240475,3
ENSG00000175792,2.1378598,3.0678926,3
ENSG00000241469,0.12800676,0.62143904,3
ENSG00000163884,1.5266969,1.5448242,3
ENSG00000160799_2,2.3076463,1.4916754,3
ENSG00000228109,2.2006805,1.7302977,3
ENSG00000169908_1,0.20704411,0.0,3
ENSG00000144837,1.4198998,3.134496,3
ENSG00000223941,0.21976295,0.0,3
ENSG00000051382,2.25901,2.430715,3
ENSG00000121579,2.5683076,3.0301785,3
ENSG00000243701,0.9850821,1.1820722,3
ENSG00000114854_1,0.3562836,0.0,3
ENSG00000242242_1,0.5947082,0.5554089,3
ENSG00000127249_1,2.0419657,0.0,3
ENSG00000243083_1,0.27891654,0.6282673,3
ENSG00000183778_2,0.052501842,0.0,3
ENSG00000234548,0.06932047,0.0,3
ENSG00000287784,0.33784282,1.4252733,3
ENSG00000041802,1.8916872,0.0,3
ENSG00000163746_1,1.0790852,0.0,3
ENSG00000056736,1.6804098,2.4934163,3
ENSG00000073111,2.4200363,3.3846328,3
ENSG00000201033,0.15088424,0.0,3
ENSG00000088543,1.7990658,0.0,3
ENSG00000182240_1,0.089701094,0.0,3
ENSG00000206559,2.1604364,2.733414,3
ENSG00000230102_1,0.97068375,1.0800996,3
ENSG00000093217,1.6436217,2.0511062,3
ENSG00000172969,0.08903141,0.0,3
ENSG00000154727_1,2.554286,2.7621832,3
ENSG00000068001,0.7518915,1.1510019,3
ENSG00000163932,2.3532104,3.0204318,3
ENSG00000184787,1.9032627,2.9924333,3
ENSG00000223812,0.10902131,0.0,3
ENSG00000173402,2.6530008,2.2666385,3
ENSG00000171587,1.3744514,2.1292613,3
ENSG00000160207,2.1028252,1.4557734,3
ENSG00000226320,0.12977707,0.0,3
ENSG00000007402_1,1.6803365,2.065841,3
ENSG00000144711_2,1.5462713,1.807332,3
ENSG00000160223,2.1317205,1.7764469,3
ENSG00000174891,1.8592345,3.0572362,3
ENSG00000228723,0.07331967,0.0,3
ENSG00000163684,2.3115475,2.5846038,3
ENSG00000243081_1,0.11409114,0.0,3
ENSG00000114853_1,1.6870265,1.5161915,3
ENSG00000226258,0.10280903,0.0,3
ENSG00000163507,2.4253674,2.5159585,3
ENSG00000075975,2.327629,2.586316,3
ENSG00000163938,2.5569115,3.635724,3
ENSG00000236830_1,1.2979563,0.0,3
ENSG00000159216,0.09656873,0.84339476,3
ENSG00000236519,1.9215055,1.6589077,3
ENSG00000164062,2.4222398,2.7561567,3
ENSG00000205581,2.1127834,2.1075897,3
ENSG00000172053_2,1.4477869,3.3060753,3
ENSG00000154822,2.0364952,2.1841233,3
ENSG00000157103_1,1.3263929,1.6867346,3
ENSG00000176095,2.3804994,2.524256,3
ENSG00000184345,0.2191409,0.0,3
ENSG00000206384,0.85607153,0.0,3
ENSG00000114013,0.82538915,2.6768234,3
ENSG00000198390,0.1955688,0.99960893,3
ENSG00000114054,2.2910616,2.8541365,3
ENSG00000144749,1.6753337,2.346126,3
ENSG00000036054,2.2604837,2.4104297,3
ENSG00000161202,2.0556197,1.425306,3
ENSG00000243620,0.20211232,0.0,3
ENSG00000177646,2.4956148,2.6642592,3
ENSG00000170364,1.8834786,2.266984,3
ENSG00000291293,0.07665228,0.0,3
ENSG00000141956,0.29043663,0.0,3
ENSG00000242759,0.10637833,0.0,3
ENSG00000175110_2,1.6848392,3.0204813,3
ENSG00000163870_1,2.2266803,1.9679596,3
ENSG00000031081,2.213244,2.5141478,3
ENSG00000114867_3,0.20702848,1.5800338,3
ENSG00000287398,0.3025902,3.8461788,3
ENSG00000075711_6,0.5907415,0.0,3
ENSG00000061938,0.74781746,0.0,3
ENSG00000163947,1.8230088,2.7569509,3
ENSG00000144747,2.2177408,2.7174292,3
ENSG00000168137,2.6918309,2.9793208,3
ENSG00000118007,2.4500957,2.6788461,3
ENSG00000185808_2,2.3784044,2.1388392,3
ENSG00000172995,1.0414778,1.540342,3
ENSG00000180530_2,0.79035497,1.0917865,3
ENSG00000215386_11,0.2811952,0.0,3
ENSG00000274749,0.23090272,0.0,3
ENSG00000168329_2,0.42480892,0.0,3
ENSG00000205726,2.0288389,1.793567,3
ENSG00000004399,1.7248952,1.4893537,3
ENSG00000129055,2.5562687,2.836767,3
ENSG00000160194_1,2.3790646,3.0179636,3
ENSG00000168273_1,2.2248278,3.0308223,3
ENSG00000197934,0.2942802,0.0,3
ENSG00000058056,2.1426067,2.4394827,3
ENSG00000184220_1,0.11080928,0.0,3
ENSG00000163812,0.20294878,0.8880671,3
ENSG00000160218,2.4930782,2.8725293,3
ENSG00000187098_2,0.08868568,0.0,3
ENSG00000178035,2.1943715,3.2044728,3
ENSG00000121578,2.1496112,0.0,3
ENSG00000169282_2,0.44099033,0.0,3
ENSG00000172053_1,2.0985093,3.4284265,3
ENSG00000114026,2.1957455,2.4257135,3
ENSG00000170262,0.27758294,0.0,3
ENSG00000160145_3,0.606225,0.0,3
ENSG00000142168,1.8953985,3.5461044,3
ENSG00000163864,0.72999823,1.0941216,3
ENSG00000161203,2.1938665,3.066199,3
ENSG00000175182_1,0.25925642,0.96852964,3
ENSG00000214681,0.084906034,0.7676752,3
ENSG00000114767,2.3667717,2.6729417,3
ENSG00000227039,1.4630697,2.0497837,3
ENSG00000160808_1,1.2543591,1.2591398,3
ENSG00000183662_1,0.07473366,0.0,3
ENSG00000187091,0.23704442,0.0,3
ENSG00000175166,2.2292948,2.9965112,3
ENSG00000224652_2,0.21209855,0.8004167,3
ENSG00000008300,1.3360528,1.4583205,3
ENSG00000163938_1,2.1800165,1.6937094,3
ENSG00000189229,0.40894216,0.0,3
ENSG00000152977,0.6703075,1.2031145,3
ENSG00000163686_1,1.9820563,1.7360377,3
ENSG00000188958,0.11491878,0.0,3
ENSG00000163635_2,0.6388136,1.0631832,3
ENSG00000163508_1,0.4654451,2.7204652,3
ENSG00000163913,2.5017972,2.0196397,3
ENSG00000168028,2.474316,4.2851453,3
ENSG00000188001,0.09582216,0.0,3
ENSG00000144744,1.73122,2.8760295,3
ENSG00000229425_1,0.12804662,0.0,3
ENSG00000047849,0.16709691,0.0,3
ENSG00000091972_1,1.0882279,2.7079294,3
ENSG00000172765_1,0.15674472,0.0,3
ENSG00000114648,2.4434197,2.2788222,3
ENSG00000131386,0.12335532,0.0,3
ENSG00000188729,0.075193755,0.0,3
ENSG00000170017,2.311923,2.427796,3
ENSG00000164088_1,1.6001766,0.0,3
ENSG00000280071,1.7702336,2.3033192,3
ENSG00000163939_1,2.6854372,2.5044165,3
ENSG00000186329,0.07350979,0.0,3
ENSG00000173585,0.19678989,0.0,3
ENSG00000114446,2.174554,2.3725991,3
ENSG00000272758,2.5741296,2.0350254,3
ENSG00000171148_1,2.6265779,2.8245423,3
ENSG00000144736,2.1438951,0.0,3
ENSG00000214021,0.6082103,0.9639294,3
ENSG00000153560_1,2.402282,2.527385,3
ENSG00000176542,2.4894004,2.1795518,3
ENSG00000173226,2.4575908,2.7026072,3
ENSG00000180767,0.982335,1.7275494,3
ENSG00000236980,0.073078066,0.0,3
ENSG00000239620,0.38039953,0.0,3
ENSG00000114416_3,2.0356948,3.224419,3
ENSG00000293511_1,0.11131102,0.0,3
ENSG00000121440,0.1277467,0.0,3
ENSG00000291224,2.0044699,2.1180727,3
ENSG00000273492,1.6738575,1.0506852,3
ENSG00000034533,1.7200673,2.02235,3
ENSG00000185917,2.189562,1.8044529,3
ENSG00000285051,0.21058382,0.0,3
ENSG00000151092_1,2.2437277,2.596048,3
ENSG00000160190_1,2.0078404,2.0249,3
ENSG00000144648_1,0.1792612,0.0,3
ENSG00000168329,0.15224004,0.0,3
ENSG00000131374_2,2.566226,2.7757945,3
ENSG00000172888,2.1598167,2.0255556,3
ENSG00000163539_1,0.8212451,0.0,3
ENSG00000227398_1,2.1149368,1.4477625,3
ENSG00000243646,2.3401456,2.4356358,3
ENSG00000160796,2.2331262,2.3648884,3
ENSG00000177463_1,1.9875124,0.0,3
ENSG00000169255_1,1.2324369,0.96085113,3
ENSG00000160808,0.264373,0.0,3
ENSG00000163840,2.4664226,2.4579728,3
ENSG00000182871,1.4737699,1.2291185,3
ENSG00000197385,0.66682625,0.85940254,3
ENSG00000187068,1.5443801,1.486643,3
ENSG00000068885_1,2.1917672,2.408223,3
ENSG00000230102,0.16897234,0.0,3
ENSG00000157551,0.09085314,0.0,3
ENSG00000181722_5,0.3664533,0.78668755,3
ENSG00000213186,2.489331,2.6528118,3
ENSG00000163947_1,0.16376404,0.7627761,3
ENSG00000173473,2.7240396,2.8546035,3
ENSG00000185917_2,0.48485446,0.0,3
ENSG00000237864,0.17879534,0.0,3
ENSG00000132155,1.5804474,0.0,3
ENSG00000225764,1.5092628,1.6793671,3
ENSG00000182983,0.96838915,1.1175696,3
ENSG00000238097,0.1807363,0.87676036,3
ENSG00000114544,1.9619876,1.8187206,3
ENSG00000177311_3,1.2549653,1.9518473,3
ENSG00000163814,1.361593,1.936966,3
ENSG00000174776,0.10607855,0.0,3
ENSG00000160221,2.0075884,2.3045595,3
ENSG00000157617,1.5091839,1.8818524,3
ENSG00000055955_1,0.109416455,0.0,3
ENSG00000287620,1.2427227,1.0717385,3
ENSG00000161202_1,0.484446,1.1408222,3
ENSG00000001617_1,1.5979161,1.343822,3
ENSG00000073282,1.1962576,0.0,3
ENSG00000174564,0.19862129,0.0,3
ENSG00000224141,0.23323822,0.80040085,3
ENSG00000113790,1.1503735,0.0,3
ENSG00000114126_1,1.6708659,2.195357,3
ENSG00000072756,2.3911211,2.539283,3
ENSG00000271858,1.2424597,1.1689098,3
ENSG00000156959,1.4158598,1.3495301,3
ENSG00000080822_1,2.674808,2.7253602,3
ENSG00000163754,2.0116,2.4788592,3
ENSG00000013293,1.0437412,0.0,3
ENSG00000178057,1.5171859,1.2308906,3
ENSG00000197763,1.3734901,1.0824802,3
ENSG00000114487,0.5272552,0.0,3
ENSG00000073849_4,1.8721691,2.3856688,3
ENSG00000286856,1.154504,0.0,3
ENSG00000113889,0.1088772,0.0,3
ENSG00000169379,1.643407,2.3995664,3
ENSG00000090097_2,0.5190492,0.0,3
ENSG00000057019_1,1.5022664,0.0,3
ENSG00000163882_1,1.1010106,0.99387693,3
ENSG00000170860,2.028303,0.0,3
ENSG00000047457,0.10710005,0.0,3
ENSG00000160209,2.3392334,2.451587,3
ENSG00000066405_1,0.73678946,0.89894444,3
ENSG00000163681_1,0.12055736,0.8026232,3
ENSG00000172037,0.30992836,0.0,3
ENSG00000184432,2.255408,3.131593,3
ENSG00000091986_1,0.1424796,0.0,3
ENSG00000212158,0.20217139,0.6877608,3
ENSG00000243627,0.08602112,0.87297165,3
ENSG00000131368,2.0317738,3.0365171,3
ENSG00000153558_1,0.079523556,0.0,3
ENSG00000168038,1.9352472,1.8475609,3
ENSG00000285600,1.2750082,0.0,3
ENSG00000243989_1,0.2991301,0.0,3
ENSG00000113838,2.371522,2.060928,3
ENSG00000082996,2.2148147,2.6585455,3
ENSG00000291042,2.2846186,1.7137458,3
ENSG00000134121,0.90403557,1.9746222,3
ENSG00000145012,0.30361307,0.0,3
ENSG00000215386,0.13441946,0.0,3
ENSG00000144847,1.4442965,1.5179873,3
ENSG00000151276,0.17684594,0.0,3
ENSG00000214021_3,2.0396404,1.3430539,3
ENSG00000239831,0.57859045,0.0,3
ENSG00000114423,2.3116775,2.7064064,3
ENSG00000160218_1,0.5245953,0.95138127,3
ENSG00000114251_1,0.5456972,0.0,3
ENSG00000215386_2,0.10766067,0.7890375,3
ENSG00000144645_2,1.4797046,1.7203,3
ENSG00000136514,1.3632305,0.0,3
ENSG00000080200,1.7918503,1.4039266,3
ENSG00000248468,1.6359749,0.0,3
ENSG00000214160,0.13216168,0.0,3
ENSG00000136059,0.4066689,0.0,3
ENSG00000230266,2.3233457,2.118516,3
ENSG00000244607,1.8610348,1.2013425,3
ENSG00000182606_3,0.40258765,0.0,3
ENSG00000244026,2.2612348,1.891426,3
ENSG00000169064,0.75110006,1.0619612,3
ENSG00000151967_2,0.58104706,2.1356733,3
ENSG00000157538,2.4867582,2.603334,3
ENSG00000169814,2.4737287,2.0665867,3
ENSG00000160214,2.2381644,2.7077413,3
ENSG00000171757_1,1.674625,1.3319534,3
ENSG00000093167_2,2.2228324,2.6094193,3
ENSG00000114573,1.8958594,0.0,3
ENSG00000131375,2.2592535,2.0943174,3
ENSG00000144597,2.0470161,2.6484928,3
ENSG00000157554_1,0.12318368,0.0,3
ENSG00000131378_2,2.1170273,2.4577608,3
ENSG00000163818_1,1.8489778,2.7709286,3
ENSG00000163931,0.2440804,1.536571,3
ENSG00000215386_12,0.15667714,0.9608559,3
ENSG00000163637_1,1.347415,1.2938265,3
ENSG00000242808_8,0.2929542,0.0,3
ENSG00000160799,2.5565195,1.5986701,3
ENSG00000163515,0.12012015,0.0,3
ENSG00000173200,1.8230228,2.7360058,3
ENSG00000114349_1,0.25989282,0.5093907,3
ENSG00000132155_1,2.503507,2.7302735,3
ENSG00000073711_1,0.09885541,0.0,3
ENSG00000175455,1.2481116,2.7645242,3
ENSG00000043093,1.9494722,2.4684656,3
ENSG00000181092,0.17463787,0.0,3
ENSG00000114529,1.2097793,1.2447965,3
ENSG00000156273,2.4550486,2.4391115,3
ENSG00000018408_1,0.10139347,0.0,3
ENSG00000197980,2.376482,1.3351971,3
ENSG00000185808,1.3191794,0.82670313,3
ENSG00000151789,0.44018716,0.9368152,3
ENSG00000164078,1.7285942,1.407158,3
ENSG00000114745,1.9976639,2.139577,3
ENSG00000232455,0.14253211,0.0,3
ENSG00000157150,0.7599666,1.0094509,3
ENSG00000160801,0.26722783,0.0,3
ENSG00000163882,1.9273806,1.5750146,3
ENSG00000145050,2.528407,2.9169695,3
ENSG00000206527,2.3723457,2.6738186,3
ENSG00000163519,0.17596778,0.0,3
ENSG00000223741,0.21630917,0.0,3
ENSG00000225542,0.16367522,0.0,3
ENSG00000160801_2,1.4226972,1.8346559,3
ENSG00000157119,0.6883914,1.3705686,3
ENSG00000114686,1.5788112,0.0,3
ENSG00000254999,2.2838812,3.1718082,3
ENSG00000287042,1.6104957,1.0122465,3
ENSG00000215386_8,0.085005306,0.0,3
ENSG00000160256,2.01266,2.6062846,3
ENSG00000163808,2.0783134,2.4883518,3
ENSG00000145088,2.4273663,3.1137128,3
ENSG00000159263,1.3463384,1.4502337,3
ENSG00000214145_1,0.45002657,0.9561684,3
ENSG00000177311_1,0.8432227,0.0,3
ENSG00000241837,2.3032286,3.2878869,3
ENSG00000286962,0.23314522,0.0,3
ENSG00000153558,0.93656737,1.4128132,3
ENSG00000214021_1,1.2850164,1.7120686,3
ENSG00000178075_1,0.15862721,0.0,3
ENSG00000145022_1,2.343505,1.8582002,3
ENSG00000132153_1,2.0949714,2.5311263,3
ENSG00000164081_1,1.716562,1.8392015,3
ENSG00000235016,0.44101268,0.7796037,3
ENSG00000144895_1,2.1815476,3.2804418,3
ENSG00000075420_3,0.5822314,1.4231082,3
ENSG00000173230_1,2.045862,2.4858449,3
ENSG00000178467_1,2.2368488,2.0804534,3
ENSG00000243477,1.4831023,0.0,3
ENSG00000286352,2.079076,0.0,3
ENSG00000073792_1,1.4808203,1.3694199,3
ENSG00000114395,2.1857336,1.9890714,3
ENSG00000205581_1,2.3702984,3.6281261,3
ENSG00000183813,0.18415934,1.1119275,3
ENSG00000163536,1.7843652,0.0,3
ENSG00000186001,2.411676,2.6618316,3
ENSG00000179348,0.9144161,1.121888,3
ENSG00000145029,2.1987832,1.7323744,3
ENSG00000205758,2.2714329,0.0,3
ENSG00000160180,0.33678496,0.0,3
ENSG00000181585,0.8982969,1.3633751,3
ENSG00000155893_2,0.100600705,0.0,3
ENSG00000242622_1,2.6049976,1.5320534,3
ENSG00000114439_2,1.3550928,2.0274272,3
ENSG00000196639_2,0.0687299,0.0,3
ENSG00000114200,0.13629712,3.653744,3
ENSG00000240497,2.0796394,1.7956159,3
ENSG00000114268,1.9330876,2.0024166,3
ENSG00000078081,1.8713502,0.0,3
ENSG00000155890,0.14699046,0.0,3
ENSG00000182973_1,0.10434503,0.0,3
ENSG00000121871_1,0.93536615,0.0,3
ENSG00000169255,0.82956195,0.9450005,3
ENSG00000214160_2,1.6805042,1.8241193,3
ENSG00000214160_1,1.8642075,2.7969253,3
ENSG00000196455,2.005457,2.4911726,3
ENSG00000159079,0.29903495,0.0,3
ENSG00000171189_1,0.70685315,1.2196448,3
ENSG00000283390,0.20524062,0.0,3
ENSG00000246022,0.5441922,1.0094509,3
ENSG00000157093,0.17192717,0.0,3
ENSG00000144792,0.94577837,1.3545886,3
ENSG00000159128,2.2051415,2.9209962,3
ENSG00000174173,1.6998065,3.020614,3
ENSG00000163827,0.9067755,0.8514724,3
ENSG00000144843,2.4760075,2.3485093,3
ENSG00000114867,2.0946317,3.561496,3
ENSG00000214021_2,2.0089414,1.536937,3
ENSG00000154813,2.2444198,2.5657287,3
ENSG00000198862,2.5259233,2.6789598,3
ENSG00000215386_4,0.28800285,1.2909245,3
ENSG00000160194,2.1897216,1.416757,3
ENSG00000230084,1.5327332,1.0150243,3
ENSG00000200222,0.12864819,0.0,3
ENSG00000154654,1.5530356,0.0,3
ENSG00000206573,2.6571887,1.9201286,3
ENSG00000158186_1,1.3868413,0.0,3
ENSG00000215386_3,0.117901914,0.0,3
ENSG00000184221,1.0964658,1.1196847,3
ENSG00000229271,0.18070422,0.0,3
ENSG00000172939,2.8933928,2.5548282,3
ENSG00000159200,0.53408736,0.0,3
ENSG00000182533,0.43832994,0.0,3
ENSG00000290763,2.267867,0.0,3
ENSG00000231574_1,0.11782619,0.0,3
ENSG00000016391,0.7049247,1.2374432,3
ENSG00000206560,0.14322928,0.0,3
ENSG00000221420,0.32781604,0.0,3
ENSG00000172667,2.4900956,2.837443,3
ENSG00000163810,0.07531056,0.0,3
ENSG00000156273_1,2.0553381,1.2075536,3
ENSG00000157152,1.3314996,1.3700502,3
ENSG00000177565_1,2.0567167,2.009438,3
ENSG00000241186,0.048725657,0.0,3
ENSG00000163914,0.21380706,0.83301955,3
ENSG00000162244,2.1970828,3.9667475,3
ENSG00000177311_6,0.3565454,0.5514012,3
ENSG00000174748_1,1.9174585,0.94978994,3
ENSG00000242242,0.40573847,0.5671676,3
ENSG00000152580,0.08214709,0.0,3
ENSG00000114026_1,1.8604231,1.3583137,3
ENSG00000173638_1,1.7119944,2.3926265,3
ENSG00000057019,0.10245979,0.0,3
ENSG00000114391,2.280574,3.9152071,3
ENSG00000242759_1,0.11028749,0.0,3
ENSG00000240891,1.7291509,1.789616,3
ENSG00000250129,0.13009126,0.0,3
ENSG00000160208,2.1659567,2.8798742,3
ENSG00000225733_1,2.101672,1.9546766,3
ENSG00000114353_2,1.0925465,0.0,3
ENSG00000177494,0.19362852,0.0,3
ENSG00000271270,2.090367,1.9090155,3
ENSG00000159140,2.7042918,3.402667,3
ENSG00000235890,0.20820734,0.0,3
ENSG00000114491,1.9427097,2.6966028,3
ENSG00000169908,0.15190661,0.0,3
ENSG00000237222,0.6146831,0.93013364,3
ENSG00000173705,1.3513407,1.3087991,3
ENSG00000114125,2.417657,2.713534,3
ENSG00000144659,1.9293535,2.4987514,3
ENSG00000180530,0.23654996,0.0,3
ENSG00000121440_1,0.99889606,1.4771792,3
ENSG00000132153,2.1847608,2.4999042,3
ENSG00000184032,0.13278687,0.7373835,3
ENSG00000293201,0.3030847,0.9334569,3
ENSG00000228242,0.6200857,0.0,3
ENSG00000155304,2.0820665,2.6372905,3
ENSG00000144712,1.1970592,1.105408,3
ENSG00000154723,2.2062159,3.727803,3
ENSG00000157020,1.9164891,2.9974165,3
ENSG00000134107,2.335942,3.5384796,3
ENSG00000126062,1.8273691,1.9245765,3
ENSG00000160190_2,1.5594532,2.102022,3
ENSG00000173473_1,2.4517956,2.9177942,3
ENSG00000114541_1,0.4727134,1.0859966,3
ENSG00000160209_2,0.55162024,0.0,3
ENSG00000163687_2,1.9606981,2.718319,3
ENSG00000184900,2.1786542,2.9463294,3
ENSG00000142156,1.1040621,1.5753726,3
ENSG00000206561,0.20892866,0.87107646,3
ENSG00000114439_3,0.10783057,0.0,3
ENSG00000172053,1.9828768,2.3715074,3
ENSG00000287688,0.4926706,0.0,3
ENSG00000164087,2.3203773,2.2406466,3
ENSG00000114867_2,0.30022326,1.2784197,3
ENSG00000114737,1.943924,1.5638701,3
ENSG00000286086,1.9613065,0.0,3
ENSG00000176020,1.2367038,1.3087991,3
ENSG00000168036_2,1.4199868,1.4870393,3
ENSG00000113924,0.20897172,0.0,3
ENSG00000114784,2.3183897,3.0501437,3
ENSG00000173531,0.32653487,0.8768203,3
ENSG00000186001_1,0.18484679,0.0,3
ENSG00000093183_1,1.9389057,2.4171228,3
ENSG00000058866,1.0781318,1.3947843,3
ENSG00000168137_2,0.18321991,1.0941006,3
ENSG00000075914,2.1905954,2.888782,3
ENSG00000163681,1.6816019,2.6246233,3
ENSG00000077092,1.2243681,0.0,3
ENSG00000168374,2.7018938,3.2243905,3
ENSG00000185437_1,0.25288093,0.6906744,3
ENSG00000223247,0.24710439,0.0,3
ENSG00000176597,0.8810507,0.91307175,3
ENSG00000154175,0.08080186,0.0,3
ENSG00000154723_1,2.3517768,2.7487383,3
ENSG00000293490,0.611948,0.0,3
ENSG00000171135,2.2362866,2.4325252,3
ENSG00000185658,2.2570066,2.4325604,3
ENSG00000153266,0.4203651,0.0,3
ENSG00000144677,1.5897325,1.3718803,3
ENSG00000196083,1.2253873,1.2930973,3
ENSG00000287784_1,0.37112963,1.6757874,3
ENSG00000240137_2,1.7313802,0.0,3
ENSG00000174579_1,2.5885518,2.560779,3
ENSG00000238141,2.1141744,1.407306,3
ENSG00000114473_1,0.22885053,1.1858253,3
ENSG00000145014,2.055187,1.5197624,3
ENSG00000177311_7,0.13580933,1.0582361,3
ENSG00000114395_1,2.018458,1.1931998,3
ENSG00000249407,0.14786041,0.0,3
ENSG00000152601_1,2.600185,3.5242934,3
ENSG00000177565,1.7296684,1.7275835,3
ENSG00000182871_1,0.64141095,1.4122101,3
ENSG00000226043,0.30024725,0.7502306,3
ENSG00000136522,2.0729995,0.0,3
ENSG00000188338,0.9656375,1.092931,3
ENSG00000144711_1,0.6466963,0.0,3
ENSG00000114416_2,1.8887788,3.2713954,3
ENSG00000283036,0.18583992,0.0,3
ENSG00000172139,0.71243775,0.0,3
ENSG00000175894,0.7124578,1.0494119,3
ENSG00000242622,2.6021786,1.4957801,3
ENSG00000227256,1.7178305,0.0,3
ENSG00000181458,1.9625245,0.0,3
ENSG00000014257,0.18448056,1.2630819,3
ENSG00000150995_5,0.40517592,0.0,3
ENSG00000272970,1.1667824,0.0,3
ENSG00000144596,0.3680091,0.0,3
ENSG00000163584_1,2.229056,3.5806377,3
ENSG00000163528,2.4505837,2.2942302,3
ENSG00000254485,2.225555,0.0,3
ENSG00000011198,2.111987,2.4237094,3
ENSG00000178252,2.4459672,2.7722733,3
ENSG00000114631,1.6466639,1.8088117,3
ENSG00000150995,2.038805,2.9242587,3
ENSG00000169282_1,0.28303546,0.0,3
ENSG00000233058,1.9514205,0.0,3
ENSG00000093167_3,1.9412698,2.834039,3
ENSG00000163584,2.123746,1.1109599,3
ENSG00000187094_2,0.6266284,0.0,3
ENSG00000160190,0.24937616,0.647862,3
ENSG00000168137_3,0.12285419,1.0894564,3
ENSG00000213672,2.1651762,2.6674623,3
ENSG00000144645,0.07059322,0.0,3
ENSG00000163935_2,1.6342461,1.572023,3
ENSG00000144455,1.8656093,2.0827422,3
ENSG00000233393_1,0.28412926,0.0,3
ENSG00000085276,0.5202279,0.0,3
ENSG00000120742,2.6999617,3.16771,3
ENSG00000157617_1,2.0813837,1.9471395,3
ENSG00000177842,1.1148893,1.7087216,3
ENSG00000180834,1.6225268,1.2630677,3
ENSG00000134121_1,1.0610522,2.3859992,3
ENSG00000163660,1.1681532,1.2952372,3
ENSG00000160282,0.556438,0.0,3
ENSG00000163636_1,0.6724008,0.7503541,3
ENSG00000144711_3,1.6229575,1.919235,3
ENSG00000065534,0.14069179,0.0,3
ENSG00000205726_1,0.08000595,0.0,3
ENSG00000090512,0.13749453,0.0,3
ENSG00000154174,2.562868,3.0248427,3
ENSG00000292995,0.16065678,0.0,3
ENSG00000182247_2,2.0820043,2.1007013,3
ENSG00000114554,2.1521082,1.8502172,3
ENSG00000121871,0.45395958,0.0,3
ENSG00000127241_1,0.254684,0.765199,3
ENSG00000286585,2.178235,0.0,3
ENSG00000160801_1,1.3729577,1.2560198,3
ENSG00000163975_1,1.8879176,2.1379678,3
ENSG00000134109,2.4847302,1.8143142,3
ENSG00000177463,2.3966825,2.624376,3
ENSG00000154310_1,2.193364,3.044081,3
ENSG00000164048,2.239579,2.6163054,3
ENSG00000163947_2,1.2226683,0.0,3
ENSG00000114353_1,2.2912111,3.5684352,3
ENSG00000279658,0.10972485,0.0,3
ENSG00000270194,0.9108984,0.0,3
ENSG00000017260_2,1.8179445,1.0378128,3
ENSG00000058262,0.5596059,0.0,3
ENSG00000154645,0.31690907,0.0,3
ENSG00000232855,0.086640686,0.0,3
ENSG00000278234,0.10451724,0.0,3
ENSG00000184012_1,0.095642835,0.7214726,3
ENSG00000185917_1,2.0328238,2.3576205,3
ENSG00000073803,1.692904,0.0,3
ENSG00000114349,0.2776106,0.0,3
ENSG00000166979_1,1.2272626,1.2366128,3
ENSG00000163607,2.1662986,2.2050853,3
ENSG00000169087,1.6316929,0.0,3
ENSG00000132164,1.299187,1.5083816,3
ENSG00000163785,1.8711724,2.5057874,3
ENSG00000251011,0.11448905,0.0,3
ENSG00000179934,0.40768826,0.0,3
ENSG00000145022,2.463397,2.1376073,3
ENSG00000008324,2.2670386,2.7595975,3
ENSG00000163681_3,0.087131806,0.0,3
ENSG00000160298_1,2.1791472,2.2515578,3
ENSG00000136518,2.2213655,3.17656,3
ENSG00000163818,1.5771303,2.2238228,3
ENSG00000159650,0.35813296,0.8115616,3
ENSG00000182586,0.44668287,0.0,3
ENSG00000114738_1,1.2959974,0.0,3
ENSG00000160145_4,1.0925626,1.4542806,3
ENSG00000237945_2,2.5690775,1.2519617,3
ENSG00000241135,2.0846722,1.2583523,3
ENSG00000144834,0.23284484,0.0,3
ENSG00000180611,1.9398439,2.347373,3
ENSG00000138468,1.9826461,2.1034307,3
ENSG00000145107,0.34729445,0.0,3
ENSG00000242808,1.7652149,0.0,3
ENSG00000176142,2.7462504,2.6178043,3
ENSG00000075711_1,0.18261835,0.0,3
ENSG00000183396,0.5247933,0.0,3
ENSG00000131370,2.0967562,2.8290334,3
ENSG00000160310,2.2822454,2.5116723,3
ENSG00000169903,0.09967996,0.65427285,3
ENSG00000196653,0.6676866,1.3533006,3
ENSG00000183960,1.0408536,0.0,3
ENSG00000088726,0.3351875,0.0,3
ENSG00000168026,1.7650943,0.0,3
ENSG00000243694,0.19588521,0.0,3
ENSG00000156931,1.5546008,2.1228874,3
